sales_account,product,category,status,normalized_sales_account,normalized_product
GOLD SALES ACCOUNT - 14K,GOLD ORNAMENTS 14K,GOLD,ACTIVE,GOLD SALES ACCOUNT - 14K,GOLD ORNAMENTS 14K
GOLD SALES ACCOUNT - 18K,GOLD ORNAMENTS 18K,GOLD,ACTIVE,GOLD SALES ACCOUNT - 18K,GOLD ORNAMENTS 18K
GOLD SALES ACCOUNT - 18K,CUSTOMER GOLD ORNAMENTS 18K,GOLD,ACTIVE,GOLD SALES ACCOUNT - 18K,CUSTOMER GOLD ORNAMENTS 18K
GOLD SALES ACCOUNT - 22K,BLACK BEADS,GOLD,ACTIVE,GOLD SALES ACCOUNT - 22K,BLACK BEADS
GOLD SALES ACCOUNT - 22K,CUSTOMER GOLD ORNAMENTS 22K,GOLD,ACTIVE,GOLD SALES ACCOUNT - 22K,CUSTOMER GOLD ORNAMENTS 22K
GOLD SALES ACCOUNT - 22K,DORI,GOLD,ACTIVE,GOLD SALES ACCOUNT - 22K,DORI
GOLD SALES ACCOUNT - 22K,GOLD ORNAMENTS 22K,GOLD,ACTIVE,GOLD SALES ACCOUNT - 22K,GOLD ORNAMENTS 22K
GOLD SALES ACCOUNT - 22K,LAC,GOLD,ACTIVE,GOLD SALES ACCOUNT - 22K,LAC
GOLD SALES ACCOUNT - 22K,"WAX, DORI ETC",GOLD,ACTIVE,GOLD SALES ACCOUNT - 22K,"WAX, DORI ETC"
GOLD SALES ACCOUNT - JADAU,GOLD ORNAMENTS JADAU,GOLD,ACTIVE,GOLD SALES ACCOUNT - JADAU,GOLD ORNAMENTS JADAU
GOLD SALES ACCOUNT - 24K,STANDARD GOLD 24K,GOLD,ACTIVE,GOLD SALES ACCOUNT - 24K,STANDARD GOLD 24K
SILVER SALES ACCOUNT,SILVER ARTICLES,SILVER,ACTIVE,SILVER SALES ACCOUNT,SILVER ARTICLES
JEWEL SALES ACCOUNT - DIAMONDS,CHAKRI,DIAMONDS,ACTIVE,JEWEL SALES ACCOUNT - DIAMONDS,CHAKRI
JEWEL SALES ACCOUNT - DIAMONDS,CUSTOMER DIAMONDS,DIAMONDS,ACTIVE,JEWEL SALES ACCOUNT - DIAMONDS,CUSTOMER DIAMONDS
JEWEL SALES ACCOUNT - DIAMONDS,CUSTOMER FLAT POLKI,DIAMONDS,ACTIVE,JEWEL SALES ACCOUNT - DIAMONDS,CUSTOMER FLAT POLKI
JEWEL SALES ACCOUNT - DIAMONDS,DI. RA 10,DIAMONDS,ACTIVE,JEWEL SALES ACCOUNT - DIAMONDS,DI. RA 10
JEWEL SALES ACCOUNT - DIAMONDS,DI. RA 100,DIAMONDS,ACTIVE,JEWEL SALES ACCOUNT - DIAMONDS,DI. RA 100
JEWEL SALES ACCOUNT - DIAMONDS,DI. RA 110,DIAMONDS,ACTIVE,JEWEL SALES ACCOUNT - DIAMONDS,DI. RA 110
JEWEL SALES ACCOUNT - DIAMONDS,DI. RA 120,DIAMONDS,ACTIVE,JEWEL SALES ACCOUNT - DIAMONDS,DI. RA 120
JEWEL SALES ACCOUNT - DIAMONDS,DI. RA 130,DIAMONDS,ACTIVE,JEWEL SALES ACCOUNT - DIAMONDS,DI. RA 130
JEWEL SALES ACCOUNT - DIAMONDS,DI. RA 140,DIAMONDS,ACTIVE,JEWEL SALES ACCOUNT - DIAMONDS,DI. RA 140
JEWEL SALES ACCOUNT - DIAMONDS,DI. RA 15,DIAMONDS,ACTIVE,JEWEL SALES ACCOUNT - DIAMONDS,DI. RA 15
JEWEL SALES ACCOUNT - DIAMONDS,DI. RA 150,DIAMONDS,ACTIVE,JEWEL SALES ACCOUNT - DIAMONDS,DI. RA 150
JEWEL SALES ACCOUNT - DIAMONDS,DI. RA 160,DIAMONDS,ACTIVE,JEWEL SALES ACCOUNT - DIAMONDS,DI. RA 160
JEWEL SALES ACCOUNT - DIAMONDS,DI. RA 170,DIAMONDS,ACTIVE,JEWEL SALES ACCOUNT - DIAMONDS,DI. RA 170
JEWEL SALES ACCOUNT - DIAMONDS,DI. RA 180,DIAMONDS,ACTIVE,JEWEL SALES ACCOUNT - DIAMONDS,DI. RA 180
JEWEL SALES ACCOUNT - DIAMONDS,DI. RA 190,DIAMONDS,ACTIVE,JEWEL SALES ACCOUNT - DIAMONDS,DI. RA 190
JEWEL SALES ACCOUNT - DIAMONDS,DI. RA 20,DIAMONDS,ACTIVE,JEWEL SALES ACCOUNT - DIAMONDS,DI. RA 20
JEWEL SALES ACCOUNT - DIAMONDS,DI. RA 25,DIAMONDS,ACTIVE,JEWEL SALES ACCOUNT - DIAMONDS,DI. RA 25
JEWEL SALES ACCOUNT - DIAMONDS,DI. RA 30,DIAMONDS,ACTIVE,JEWEL SALES ACCOUNT - DIAMONDS,DI. RA 30
JEWEL SALES ACCOUNT - DIAMONDS,DI. RA 35,DIAMONDS,ACTIVE,JEWEL SALES ACCOUNT - DIAMONDS,DI. RA 35
JEWEL SALES ACCOUNT - DIAMONDS,DI. RA 40,DIAMONDS,ACTIVE,JEWEL SALES ACCOUNT - DIAMONDS,DI. RA 40
JEWEL SALES ACCOUNT - DIAMONDS,DI. RA 45,DIAMONDS,ACTIVE,JEWEL SALES ACCOUNT - DIAMONDS,DI. RA 45
JEWEL SALES ACCOUNT - DIAMONDS,DI. RA 50,DIAMONDS,ACTIVE,JEWEL SALES ACCOUNT - DIAMONDS,DI. RA 50
JEWEL SALES ACCOUNT - DIAMONDS,DI. RA 60,DIAMONDS,ACTIVE,JEWEL SALES ACCOUNT - DIAMONDS,DI. RA 60
JEWEL SALES ACCOUNT - DIAMONDS,DI. RA 70,DIAMONDS,ACTIVE,JEWEL SALES ACCOUNT - DIAMONDS,DI. RA 70
JEWEL SALES ACCOUNT - DIAMONDS,DI. RA 80,DIAMONDS,ACTIVE,JEWEL SALES ACCOUNT - DIAMONDS,DI. RA 80
JEWEL SALES ACCOUNT - DIAMONDS,DI. RA 90,DIAMONDS,ACTIVE,JEWEL SALES ACCOUNT - DIAMONDS,DI. RA 90
JEWEL SALES ACCOUNT - DIAMONDS,DI. RC 1,DIAMONDS,ACTIVE,JEWEL SALES ACCOUNT - DIAMONDS,DI. RC 1
JEWEL SALES ACCOUNT - DIAMONDS,DI. RC 10,DIAMONDS,ACTIVE,JEWEL SALES ACCOUNT - DIAMONDS,DI. RC 10
JEWEL SALES ACCOUNT - DIAMONDS,DI. RC 14,DIAMONDS,ACTIVE,JEWEL SALES ACCOUNT - DIAMONDS,DI. RC 14
JEWEL SALES ACCOUNT - DIAMONDS,DI. RC 2,DIAMONDS,ACTIVE,JEWEL SALES ACCOUNT - DIAMONDS,DI. RC 2
JEWEL SALES ACCOUNT - DIAMONDS,DI. RC 30,DIAMONDS,ACTIVE,JEWEL SALES ACCOUNT - DIAMONDS,DI. RC 30
JEWEL SALES ACCOUNT - DIAMONDS,DI. RC 5,DIAMONDS,ACTIVE,JEWEL SALES ACCOUNT - DIAMONDS,DI. RC 5
JEWEL SALES ACCOUNT - DIAMONDS,DI. RC 6,DIAMONDS,ACTIVE,JEWEL SALES ACCOUNT - DIAMONDS,DI. RC 6
JEWEL SALES ACCOUNT - DIAMONDS,DI. RC 7,DIAMONDS,ACTIVE,JEWEL SALES ACCOUNT - DIAMONDS,DI. RC 7
JEWEL SALES ACCOUNT - DIAMONDS,DI. RC 8,DIAMONDS,ACTIVE,JEWEL SALES ACCOUNT - DIAMONDS,DI. RC 8
JEWEL SALES ACCOUNT - DIAMONDS,DI. RC 9,DIAMONDS,ACTIVE,JEWEL SALES ACCOUNT - DIAMONDS,DI. RC 9
JEWEL SALES ACCOUNT - DIAMONDS,DIAMONDS LOOSE DI. RA 10,DIAMONDS,ACTIVE,JEWEL SALES ACCOUNT - DIAMONDS,DIAMONDS LOOSE DI. RA 10
JEWEL SALES ACCOUNT - DIAMONDS,DIAMONDS LOOSE DI. RA 15,DIAMONDS,ACTIVE,JEWEL SALES ACCOUNT - DIAMONDS,DIAMONDS LOOSE DI. RA 15
JEWEL SALES ACCOUNT - DIAMONDS,DIAMONDS LOOSE DI. RA 20,DIAMONDS,ACTIVE,JEWEL SALES ACCOUNT - DIAMONDS,DIAMONDS LOOSE DI. RA 20
JEWEL SALES ACCOUNT - DIAMONDS,DIAMONDS LOOSE DI. RA 25,DIAMONDS,ACTIVE,JEWEL SALES ACCOUNT - DIAMONDS,DIAMONDS LOOSE DI. RA 25
JEWEL SALES ACCOUNT - DIAMONDS,DIAMONDS LOOSE DI. RA 30,DIAMONDS,ACTIVE,JEWEL SALES ACCOUNT - DIAMONDS,DIAMONDS LOOSE DI. RA 30
JEWEL SALES ACCOUNT - DIAMONDS,DIAMONDS LOOSE DI. RA 50,DIAMONDS,ACTIVE,JEWEL SALES ACCOUNT - DIAMONDS,DIAMONDS LOOSE DI. RA 50
JEWEL SALES ACCOUNT - DIAMONDS,FLAT POLKI FP 1,DIAMONDS,ACTIVE,JEWEL SALES ACCOUNT - DIAMONDS,FLAT POLKI FP 1
JEWEL SALES ACCOUNT - DIAMONDS,FLAT POLKI FP 10,DIAMONDS,ACTIVE,JEWEL SALES ACCOUNT - DIAMONDS,FLAT POLKI FP 10
JEWEL SALES ACCOUNT - DIAMONDS,FLAT POLKI FP 11,DIAMONDS,ACTIVE,JEWEL SALES ACCOUNT - DIAMONDS,FLAT POLKI FP 11
JEWEL SALES ACCOUNT - DIAMONDS,FLAT POLKI FP 12,DIAMONDS,ACTIVE,JEWEL SALES ACCOUNT - DIAMONDS,FLAT POLKI FP 12
JEWEL SALES ACCOUNT - DIAMONDS,FLAT POLKI FP 13,DIAMONDS,ACTIVE,JEWEL SALES ACCOUNT - DIAMONDS,FLAT POLKI FP 13
JEWEL SALES ACCOUNT - DIAMONDS,FLAT POLKI FP 14,DIAMONDS,ACTIVE,JEWEL SALES ACCOUNT - DIAMONDS,FLAT POLKI FP 14
JEWEL SALES ACCOUNT - DIAMONDS,FLAT POLKI FP 15,DIAMONDS,ACTIVE,JEWEL SALES ACCOUNT - DIAMONDS,FLAT POLKI FP 15
JEWEL SALES ACCOUNT - DIAMONDS,FLAT POLKI FP 16,DIAMONDS,ACTIVE,JEWEL SALES ACCOUNT - DIAMONDS,FLAT POLKI FP 16
JEWEL SALES ACCOUNT - DIAMONDS,FLAT POLKI FP 17,DIAMONDS,ACTIVE,JEWEL SALES ACCOUNT - DIAMONDS,FLAT POLKI FP 17
JEWEL SALES ACCOUNT - DIAMONDS,FLAT POLKI FP 18,DIAMONDS,ACTIVE,JEWEL SALES ACCOUNT - DIAMONDS,FLAT POLKI FP 18
JEWEL SALES ACCOUNT - DIAMONDS,FLAT POLKI FP 19,DIAMONDS,ACTIVE,JEWEL SALES ACCOUNT - DIAMONDS,FLAT POLKI FP 19
JEWEL SALES ACCOUNT - DIAMONDS,FLAT POLKI FP 2,DIAMONDS,ACTIVE,JEWEL SALES ACCOUNT - DIAMONDS,FLAT POLKI FP 2
JEWEL SALES ACCOUNT - DIAMONDS,FLAT POLKI FP 20,DIAMONDS,ACTIVE,JEWEL SALES ACCOUNT - DIAMONDS,FLAT POLKI FP 20
JEWEL SALES ACCOUNT - DIAMONDS,FLAT POLKI FP 3,DIAMONDS,ACTIVE,JEWEL SALES ACCOUNT - DIAMONDS,FLAT POLKI FP 3
JEWEL SALES ACCOUNT - DIAMONDS,FLAT POLKI FP 4,DIAMONDS,ACTIVE,JEWEL SALES ACCOUNT - DIAMONDS,FLAT POLKI FP 4
JEWEL SALES ACCOUNT - DIAMONDS,FLAT POLKI FP 5,DIAMONDS,ACTIVE,JEWEL SALES ACCOUNT - DIAMONDS,FLAT POLKI FP 5
JEWEL SALES ACCOUNT - DIAMONDS,FLAT POLKI FP 6,DIAMONDS,ACTIVE,JEWEL SALES ACCOUNT - DIAMONDS,FLAT POLKI FP 6
JEWEL SALES ACCOUNT - DIAMONDS,FLAT POLKI FP 7,DIAMONDS,ACTIVE,JEWEL SALES ACCOUNT - DIAMONDS,FLAT POLKI FP 7
JEWEL SALES ACCOUNT - DIAMONDS,FLAT POLKI FP 8,DIAMONDS,ACTIVE,JEWEL SALES ACCOUNT - DIAMONDS,FLAT POLKI FP 8
JEWEL SALES ACCOUNT - DIAMONDS,FLAT POLKI FP 9,DIAMONDS,ACTIVE,JEWEL SALES ACCOUNT - DIAMONDS,FLAT POLKI FP 9
JEWEL SALES ACCOUNT - DIAMONDS,POLKI A,DIAMONDS,ACTIVE,JEWEL SALES ACCOUNT - DIAMONDS,POLKI A
JEWEL SALES ACCOUNT - DIAMONDS,SD DI. 200,DIAMONDS,ACTIVE,JEWEL SALES ACCOUNT - DIAMONDS,SD DI. 200
JEWEL SALES ACCOUNT - DIAMONDS,SD DI. 225,DIAMONDS,ACTIVE,JEWEL SALES ACCOUNT - DIAMONDS,SD DI. 225
JEWEL SALES ACCOUNT - DIAMONDS,SD DI. 250,DIAMONDS,ACTIVE,JEWEL SALES ACCOUNT - DIAMONDS,SD DI. 250
JEWEL SALES ACCOUNT - DIAMONDS,SD DI. 275,DIAMONDS,ACTIVE,JEWEL SALES ACCOUNT - DIAMONDS,SD DI. 275
JEWEL SALES ACCOUNT - DIAMONDS,SD DI. MIX,DIAMONDS,ACTIVE,JEWEL SALES ACCOUNT - DIAMONDS,SD DI. MIX
JEWELS SALES ACCOUNT - COLOR STONES,CUSTOMER STONES,COLOR STONES,ACTIVE,JEWELS SALES ACCOUNT - COLOR STONES,CUSTOMER STONES
JEWELS SALES ACCOUNT - COLOR STONES,PRECIOUS STONES JOS 50,COLOR STONES,ACTIVE,JEWELS SALES ACCOUNT - COLOR STONES,PRECIOUS STONES JOS 50
JEWELS SALES ACCOUNT - COLOR STONES,PRECIOUS STONES JOS 100,COLOR STONES,ACTIVE,JEWELS SALES ACCOUNT - COLOR STONES,PRECIOUS STONES JOS 100
JEWELS SALES ACCOUNT - COLOR STONES,PRECIOUS STONES JOS 150,COLOR STONES,ACTIVE,JEWELS SALES ACCOUNT - COLOR STONES,PRECIOUS STONES JOS 150
JEWELS SALES ACCOUNT - COLOR STONES,PRECIOUS STONES JOS 200,COLOR STONES,ACTIVE,JEWELS SALES ACCOUNT - COLOR STONES,PRECIOUS STONES JOS 200
JEWELS SALES ACCOUNT - COLOR STONES,PRECIOUS STONES JOS 250,COLOR STONES,ACTIVE,JEWELS SALES ACCOUNT - COLOR STONES,PRECIOUS STONES JOS 250
JEWELS SALES ACCOUNT - COLOR STONES,PRECIOUS STONES JOS 300,COLOR STONES,ACTIVE,JEWELS SALES ACCOUNT - COLOR STONES,PRECIOUS STONES JOS 300
JEWELS SALES ACCOUNT - COLOR STONES,PRECIOUS STONES JOS 350,COLOR STONES,ACTIVE,JEWELS SALES ACCOUNT - COLOR STONES,PRECIOUS STONES JOS 350
JEWELS SALES ACCOUNT - COLOR STONES,PRECIOUS STONES JOS 400,COLOR STONES,ACTIVE,JEWELS SALES ACCOUNT - COLOR STONES,PRECIOUS STONES JOS 400
JEWELS SALES ACCOUNT - COLOR STONES,PRECIOUS STONES JOS 450,COLOR STONES,ACTIVE,JEWELS SALES ACCOUNT - COLOR STONES,PRECIOUS STONES JOS 450
JEWELS SALES ACCOUNT - COLOR STONES,PRECIOUS STONES JOS 500,COLOR STONES,ACTIVE,JEWELS SALES ACCOUNT - COLOR STONES,PRECIOUS STONES JOS 500
JEWELS SALES ACCOUNT - COLOR STONES,PRECIOUS STONES JOS 550,COLOR STONES,ACTIVE,JEWELS SALES ACCOUNT - COLOR STONES,PRECIOUS STONES JOS 550
JEWELS SALES ACCOUNT - COLOR STONES,PRECIOUS STONES JOS 600,COLOR STONES,ACTIVE,JEWELS SALES ACCOUNT - COLOR STONES,PRECIOUS STONES JOS 600
JEWELS SALES ACCOUNT - COLOR STONES,PRECIOUS STONES JOS 650,COLOR STONES,ACTIVE,JEWELS SALES ACCOUNT - COLOR STONES,PRECIOUS STONES JOS 650
JEWELS SALES ACCOUNT - COLOR STONES,PRECIOUS STONES JOS 700,COLOR STONES,ACTIVE,JEWELS SALES ACCOUNT - COLOR STONES,PRECIOUS STONES JOS 700
JEWELS SALES ACCOUNT - COLOR STONES,PRECIOUS STONES JOS 750,COLOR STONES,ACTIVE,JEWELS SALES ACCOUNT - COLOR STONES,PRECIOUS STONES JOS 750
JEWELS SALES ACCOUNT - COLOR STONES,PRECIOUS STONES JOS 800,COLOR STONES,ACTIVE,JEWELS SALES ACCOUNT - COLOR STONES,PRECIOUS STONES JOS 800
JEWELS SALES ACCOUNT - COLOR STONES,PRECIOUS STONES JOS 850,COLOR STONES,ACTIVE,JEWELS SALES ACCOUNT - COLOR STONES,PRECIOUS STONES JOS 850
JEWELS SALES ACCOUNT - COLOR STONES,PRECIOUS STONES JOS 900,COLOR STONES,ACTIVE,JEWELS SALES ACCOUNT - COLOR STONES,PRECIOUS STONES JOS 900
JEWELS SALES ACCOUNT - COLOR STONES,PRECIOUS STONES JOS 950,COLOR STONES,ACTIVE,JEWELS SALES ACCOUNT - COLOR STONES,PRECIOUS STONES JOS 950
JEWELS SALES ACCOUNT - COLOR STONES,PRECIOUS STONES JOS 1000,COLOR STONES,ACTIVE,JEWELS SALES ACCOUNT - COLOR STONES,PRECIOUS STONES JOS 1000
JEWELS SALES ACCOUNT - COLOR STONES,PRECIOUS STONES JOS 1100,COLOR STONES,ACTIVE,JEWELS SALES ACCOUNT - COLOR STONES,PRECIOUS STONES JOS 1100
JEWELS SALES ACCOUNT - COLOR STONES,PRECIOUS STONES JOS 1200,COLOR STONES,ACTIVE,JEWELS SALES ACCOUNT - COLOR STONES,PRECIOUS STONES JOS 1200
JEWELS SALES ACCOUNT - COLOR STONES,PRECIOUS STONES JOS 1300,COLOR STONES,ACTIVE,JEWELS SALES ACCOUNT - COLOR STONES,PRECIOUS STONES JOS 1300
JEWELS SALES ACCOUNT - COLOR STONES,PRECIOUS STONES JOS 1400,COLOR STONES,ACTIVE,JEWELS SALES ACCOUNT - COLOR STONES,PRECIOUS STONES JOS 1400
JEWELS SALES ACCOUNT - COLOR STONES,PRECIOUS STONES JOS 1500,COLOR STONES,ACTIVE,JEWELS SALES ACCOUNT - COLOR STONES,PRECIOUS STONES JOS 1500
JEWELS SALES ACCOUNT - COLOR STONES,PRECIOUS STONES JOS 1600,COLOR STONES,ACTIVE,JEWELS SALES ACCOUNT - COLOR STONES,PRECIOUS STONES JOS 1600
JEWELS SALES ACCOUNT - COLOR STONES,PRECIOUS STONES JOS 1700,COLOR STONES,ACTIVE,JEWELS SALES ACCOUNT - COLOR STONES,PRECIOUS STONES JOS 1700
JEWELS SALES ACCOUNT - COLOR STONES,PRECIOUS STONES JOS 1800,COLOR STONES,ACTIVE,JEWELS SALES ACCOUNT - COLOR STONES,PRECIOUS STONES JOS 1800
JEWELS SALES ACCOUNT - COLOR STONES,PRECIOUS STONES JOS 1900,COLOR STONES,ACTIVE,JEWELS SALES ACCOUNT - COLOR STONES,PRECIOUS STONES JOS 1900
JEWELS SALES ACCOUNT - COLOR STONES,PRECIOUS STONES JOS 2000,COLOR STONES,ACTIVE,JEWELS SALES ACCOUNT - COLOR STONES,PRECIOUS STONES JOS 2000
JEWELS SALES ACCOUNT - COLOR STONES,PRECIOUS STONES JOS 2100,COLOR STONES,ACTIVE,JEWELS SALES ACCOUNT - COLOR STONES,PRECIOUS STONES JOS 2100
JEWELS SALES ACCOUNT - COLOR STONES,PRECIOUS STONES JOS 2200,COLOR STONES,ACTIVE,JEWELS SALES ACCOUNT - COLOR STONES,PRECIOUS STONES JOS 2200
JEWELS SALES ACCOUNT - COLOR STONES,PRECIOUS STONES JOS 2300,COLOR STONES,ACTIVE,JEWELS SALES ACCOUNT - COLOR STONES,PRECIOUS STONES JOS 2300
JEWELS SALES ACCOUNT - COLOR STONES,PRECIOUS STONES JOS 2400,COLOR STONES,ACTIVE,JEWELS SALES ACCOUNT - COLOR STONES,PRECIOUS STONES JOS 2400
JEWELS SALES ACCOUNT - COLOR STONES,PRECIOUS STONES JOS 2500,COLOR STONES,ACTIVE,JEWELS SALES ACCOUNT - COLOR STONES,PRECIOUS STONES JOS 2500
JEWELS SALES ACCOUNT - COLOR STONES,PRECIOUS STONES JOS 2600,COLOR STONES,ACTIVE,JEWELS SALES ACCOUNT - COLOR STONES,PRECIOUS STONES JOS 2600
JEWELS SALES ACCOUNT - COLOR STONES,PRECIOUS STONES JOS 2700,COLOR STONES,ACTIVE,JEWELS SALES ACCOUNT - COLOR STONES,PRECIOUS STONES JOS 2700
JEWELS SALES ACCOUNT - COLOR STONES,PRECIOUS STONES JOS 2800,COLOR STONES,ACTIVE,JEWELS SALES ACCOUNT - COLOR STONES,PRECIOUS STONES JOS 2800
JEWELS SALES ACCOUNT - COLOR STONES,PRECIOUS STONES JOS 2900,COLOR STONES,ACTIVE,JEWELS SALES ACCOUNT - COLOR STONES,PRECIOUS STONES JOS 2900
JEWELS SALES ACCOUNT - COLOR STONES,PRECIOUS STONES JOS 3000,COLOR STONES,ACTIVE,JEWELS SALES ACCOUNT - COLOR STONES,PRECIOUS STONES JOS 3000
JEWELS SALES ACCOUNT - COLOR STONES,PRECIOUS STONES JOS 3100,COLOR STONES,ACTIVE,JEWELS SALES ACCOUNT - COLOR STONES,PRECIOUS STONES JOS 3100
JEWELS SALES ACCOUNT - COLOR STONES,PRECIOUS STONES JOS 3200,COLOR STONES,ACTIVE,JEWELS SALES ACCOUNT - COLOR STONES,PRECIOUS STONES JOS 3200
JEWELS SALES ACCOUNT - COLOR STONES,PRECIOUS STONES JOS 3300,COLOR STONES,ACTIVE,JEWELS SALES ACCOUNT - COLOR STONES,PRECIOUS STONES JOS 3300
JEWELS SALES ACCOUNT - COLOR STONES,PRECIOUS STONES JOS 3400,COLOR STONES,ACTIVE,JEWELS SALES ACCOUNT - COLOR STONES,PRECIOUS STONES JOS 3400
JEWELS SALES ACCOUNT - COLOR STONES,PRECIOUS STONES JOS 3500,COLOR STONES,ACTIVE,JEWELS SALES ACCOUNT - COLOR STONES,PRECIOUS STONES JOS 3500
JEWELS SALES ACCOUNT - COLOR STONES,PRECIOUS STONES JOS 3600,COLOR STONES,ACTIVE,JEWELS SALES ACCOUNT - COLOR STONES,PRECIOUS STONES JOS 3600
JEWELS SALES ACCOUNT - COLOR STONES,PRECIOUS STONES JOS 3700,COLOR STONES,ACTIVE,JEWELS SALES ACCOUNT - COLOR STONES,PRECIOUS STONES JOS 3700
JEWELS SALES ACCOUNT - COLOR STONES,PRECIOUS STONES JOS 4000,COLOR STONES,ACTIVE,JEWELS SALES ACCOUNT - COLOR STONES,PRECIOUS STONES JOS 4000
JEWELS SALES ACCOUNT - COLOR STONES,PRECIOUS STONES JOS 4200,COLOR STONES,ACTIVE,JEWELS SALES ACCOUNT - COLOR STONES,PRECIOUS STONES JOS 4200
JEWELS SALES ACCOUNT - COLOR STONES,PRECIOUS STONES JOS 4400,COLOR STONES,ACTIVE,JEWELS SALES ACCOUNT - COLOR STONES,PRECIOUS STONES JOS 4400
JEWELS SALES ACCOUNT - COLOR STONES,PRECIOUS STONES JOS 4500,COLOR STONES,ACTIVE,JEWELS SALES ACCOUNT - COLOR STONES,PRECIOUS STONES JOS 4500
JEWELS SALES ACCOUNT - COLOR STONES,PRECIOUS STONES JOS 4800,COLOR STONES,ACTIVE,JEWELS SALES ACCOUNT - COLOR STONES,PRECIOUS STONES JOS 4800
JEWELS SALES ACCOUNT - COLOR STONES,PRECIOUS STONES JOS 4900,COLOR STONES,ACTIVE,JEWELS SALES ACCOUNT - COLOR STONES,PRECIOUS STONES JOS 4900
JEWELS SALES ACCOUNT - COLOR STONES,PRECIOUS STONES JOS 5000,COLOR STONES,ACTIVE,JEWELS SALES ACCOUNT - COLOR STONES,PRECIOUS STONES JOS 5000
JEWELS SALES ACCOUNT - COLOR STONES,PRECIOUS STONES JOS 5500,COLOR STONES,ACTIVE,JEWELS SALES ACCOUNT - COLOR STONES,PRECIOUS STONES JOS 5500
JEWELS SALES ACCOUNT - COLOR STONES,PRECIOUS STONES JOS 5600,COLOR STONES,ACTIVE,JEWELS SALES ACCOUNT - COLOR STONES,PRECIOUS STONES JOS 5600
JEWELS SALES ACCOUNT - COLOR STONES,PRECIOUS STONES JOS 6000,COLOR STONES,ACTIVE,JEWELS SALES ACCOUNT - COLOR STONES,PRECIOUS STONES JOS 6000
JEWELS SALES ACCOUNT - COLOR STONES,PRECIOUS STONES JOS 6500,COLOR STONES,ACTIVE,JEWELS SALES ACCOUNT - COLOR STONES,PRECIOUS STONES JOS 6500
JEWELS SALES ACCOUNT - COLOR STONES,PRECIOUS STONES JOS 7000,COLOR STONES,ACTIVE,JEWELS SALES ACCOUNT - COLOR STONES,PRECIOUS STONES JOS 7000
JEWELS SALES ACCOUNT - COLOR STONES,PRECIOUS STONES JOS 7500,COLOR STONES,ACTIVE,JEWELS SALES ACCOUNT - COLOR STONES,PRECIOUS STONES JOS 7500
JEWELS SALES ACCOUNT - COLOR STONES,PRECIOUS STONES JOS 8000,COLOR STONES,ACTIVE,JEWELS SALES ACCOUNT - COLOR STONES,PRECIOUS STONES JOS 8000
JEWELS SALES ACCOUNT - COLOR STONES,PRECIOUS STONES JOS 8500,COLOR STONES,ACTIVE,JEWELS SALES ACCOUNT - COLOR STONES,PRECIOUS STONES JOS 8500
JEWELS SALES ACCOUNT - COLOR STONES,PRECIOUS STONES JOS 10000,COLOR STONES,ACTIVE,JEWELS SALES ACCOUNT - COLOR STONES,PRECIOUS STONES JOS 10000
JEWELS SALES ACCOUNT - COLOR STONES,PRECIOUS STONES JOS 11000,COLOR STONES,ACTIVE,JEWELS SALES ACCOUNT - COLOR STONES,PRECIOUS STONES JOS 11000
JEWELS SALES ACCOUNT - COLOR STONES,PRECIOUS STONES JOS 12000,COLOR STONES,ACTIVE,JEWELS SALES ACCOUNT - COLOR STONES,PRECIOUS STONES JOS 12000
JEWELS SALES ACCOUNT - COLOR STONES,PRECIOUS STONES JOS 14000,COLOR STONES,ACTIVE,JEWELS SALES ACCOUNT - COLOR STONES,PRECIOUS STONES JOS 14000
JEWELS SALES ACCOUNT - COLOR STONES,PRECIOUS STONES JOS 16000,COLOR STONES,ACTIVE,JEWELS SALES ACCOUNT - COLOR STONES,PRECIOUS STONES JOS 16000
JEWELS SALES ACCOUNT - COLOR STONES,PRECIOUS STONES JOS 17000,COLOR STONES,ACTIVE,JEWELS SALES ACCOUNT - COLOR STONES,PRECIOUS STONES JOS 17000
JEWELS SALES ACCOUNT - COLOR STONES,PRECIOUS STONES JOS 17500,COLOR STONES,ACTIVE,JEWELS SALES ACCOUNT - COLOR STONES,PRECIOUS STONES JOS 17500
JEWELS SALES ACCOUNT - COLOR STONES,PRECIOUS STONES JOS 20000,COLOR STONES,ACTIVE,JEWELS SALES ACCOUNT - COLOR STONES,PRECIOUS STONES JOS 20000
JEWELS SALES ACCOUNT - COLOR STONES,PRECIOUS STONES JOS 25000,COLOR STONES,ACTIVE,JEWELS SALES ACCOUNT - COLOR STONES,PRECIOUS STONES JOS 25000
JEWELS SALES ACCOUNT - COLOR STONES,PRECIOUS STONES JOS 38500,COLOR STONES,ACTIVE,JEWELS SALES ACCOUNT - COLOR STONES,PRECIOUS STONES JOS 38500
JEWELS SALES ACCOUNT - COLOR STONES,PRECIOUS STONES JOS 45000,COLOR STONES,ACTIVE,JEWELS SALES ACCOUNT - COLOR STONES,PRECIOUS STONES JOS 45000
JEWELS SALES ACCOUNT - COLOR STONES,PRECIOUS STONES JOS 49000,COLOR STONES,ACTIVE,JEWELS SALES ACCOUNT - COLOR STONES,PRECIOUS STONES JOS 49000
JEWELS SALES ACCOUNT - COLOR STONES,PRECIOUS STONES JOS 66000,COLOR STONES,ACTIVE,JEWELS SALES ACCOUNT - COLOR STONES,PRECIOUS STONES JOS 66000
JEWELS SALES ACCOUNT - COLOR STONES,PRECIOUS STONES LOOSE JOS 50,COLOR STONES,ACTIVE,JEWELS SALES ACCOUNT - COLOR STONES,PRECIOUS STONES LOOSE JOS 50
JEWELS SALES ACCOUNT - COLOR STONES,PRECIOUS STONES LOOSE JOS 100,COLOR STONES,ACTIVE,JEWELS SALES ACCOUNT - COLOR STONES,PRECIOUS STONES LOOSE JOS 100
JEWELS SALES ACCOUNT - COLOR STONES,PRECIOUS STONES LOOSE JOS 150,COLOR STONES,ACTIVE,JEWELS SALES ACCOUNT - COLOR STONES,PRECIOUS STONES LOOSE JOS 150
JEWELS SALES ACCOUNT - COLOR STONES,PRECIOUS STONES LOOSE JOS 200,COLOR STONES,ACTIVE,JEWELS SALES ACCOUNT - COLOR STONES,PRECIOUS STONES LOOSE JOS 200
JEWELS SALES ACCOUNT - COLOR STONES,PRECIOUS STONES LOOSE JOS 250,COLOR STONES,ACTIVE,JEWELS SALES ACCOUNT - COLOR STONES,PRECIOUS STONES LOOSE JOS 250
JEWELS SALES ACCOUNT - COLOR STONES,PRECIOUS STONES LOOSE JOS 300,COLOR STONES,ACTIVE,JEWELS SALES ACCOUNT - COLOR STONES,PRECIOUS STONES LOOSE JOS 300
JEWELS SALES ACCOUNT - COLOR STONES,PRECIOUS STONES LOOSE JOS 350,COLOR STONES,ACTIVE,JEWELS SALES ACCOUNT - COLOR STONES,PRECIOUS STONES LOOSE JOS 350
JEWELS SALES ACCOUNT - COLOR STONES,PRECIOUS STONES LOOSE JOS 400,COLOR STONES,ACTIVE,JEWELS SALES ACCOUNT - COLOR STONES,PRECIOUS STONES LOOSE JOS 400
JEWELS SALES ACCOUNT - COLOR STONES,PRECIOUS STONES LOOSE JOS 450,COLOR STONES,ACTIVE,JEWELS SALES ACCOUNT - COLOR STONES,PRECIOUS STONES LOOSE JOS 450
JEWELS SALES ACCOUNT - COLOR STONES,PRECIOUS STONES LOOSE JOS 500,COLOR STONES,ACTIVE,JEWELS SALES ACCOUNT - COLOR STONES,PRECIOUS STONES LOOSE JOS 500
JEWELS SALES ACCOUNT - COLOR STONES,PRECIOUS STONES LOOSE JOS 550,COLOR STONES,ACTIVE,JEWELS SALES ACCOUNT - COLOR STONES,PRECIOUS STONES LOOSE JOS 550
JEWELS SALES ACCOUNT - COLOR STONES,PRECIOUS STONES LOOSE JOS 600,COLOR STONES,ACTIVE,JEWELS SALES ACCOUNT - COLOR STONES,PRECIOUS STONES LOOSE JOS 600
JEWELS SALES ACCOUNT - COLOR STONES,PRECIOUS STONES LOOSE JOS 650,COLOR STONES,ACTIVE,JEWELS SALES ACCOUNT - COLOR STONES,PRECIOUS STONES LOOSE JOS 650
JEWELS SALES ACCOUNT - COLOR STONES,PRECIOUS STONES LOOSE JOS 700,COLOR STONES,ACTIVE,JEWELS SALES ACCOUNT - COLOR STONES,PRECIOUS STONES LOOSE JOS 700
JEWELS SALES ACCOUNT - COLOR STONES,PRECIOUS STONES LOOSE JOS 750,COLOR STONES,ACTIVE,JEWELS SALES ACCOUNT - COLOR STONES,PRECIOUS STONES LOOSE JOS 750
JEWELS SALES ACCOUNT - COLOR STONES,PRECIOUS STONES LOOSE JOS 800,COLOR STONES,ACTIVE,JEWELS SALES ACCOUNT - COLOR STONES,PRECIOUS STONES LOOSE JOS 800
JEWELS SALES ACCOUNT - COLOR STONES,PRECIOUS STONES LOOSE JOS 850,COLOR STONES,ACTIVE,JEWELS SALES ACCOUNT - COLOR STONES,PRECIOUS STONES LOOSE JOS 850
JEWELS SALES ACCOUNT - COLOR STONES,PRECIOUS STONES LOOSE JOS 900,COLOR STONES,ACTIVE,JEWELS SALES ACCOUNT - COLOR STONES,PRECIOUS STONES LOOSE JOS 900
JEWELS SALES ACCOUNT - COLOR STONES,PRECIOUS STONES LOOSE JOS 950,COLOR STONES,ACTIVE,JEWELS SALES ACCOUNT - COLOR STONES,PRECIOUS STONES LOOSE JOS 950
JEWELS SALES ACCOUNT - COLOR STONES,PRECIOUS STONES LOOSE JOS 1000,COLOR STONES,ACTIVE,JEWELS SALES ACCOUNT - COLOR STONES,PRECIOUS STONES LOOSE JOS 1000
JEWELS SALES ACCOUNT - COLOR STONES,PRECIOUS STONES LOOSE JOS 1100,COLOR STONES,ACTIVE,JEWELS SALES ACCOUNT - COLOR STONES,PRECIOUS STONES LOOSE JOS 1100
JEWELS SALES ACCOUNT - COLOR STONES,PRECIOUS STONES LOOSE JOS 1200,COLOR STONES,ACTIVE,JEWELS SALES ACCOUNT - COLOR STONES,PRECIOUS STONES LOOSE JOS 1200
JEWELS SALES ACCOUNT - COLOR STONES,PRECIOUS STONES LOOSE JOS 1300,COLOR STONES,ACTIVE,JEWELS SALES ACCOUNT - COLOR STONES,PRECIOUS STONES LOOSE JOS 1300
JEWELS SALES ACCOUNT - COLOR STONES,PRECIOUS STONES LOOSE JOS 1400,COLOR STONES,ACTIVE,JEWELS SALES ACCOUNT - COLOR STONES,PRECIOUS STONES LOOSE JOS 1400
JEWELS SALES ACCOUNT - COLOR STONES,PRECIOUS STONES LOOSE JOS 1500,COLOR STONES,ACTIVE,JEWELS SALES ACCOUNT - COLOR STONES,PRECIOUS STONES LOOSE JOS 1500
JEWELS SALES ACCOUNT - COLOR STONES,PRECIOUS STONES LOOSE JOS 1600,COLOR STONES,ACTIVE,JEWELS SALES ACCOUNT - COLOR STONES,PRECIOUS STONES LOOSE JOS 1600
JEWELS SALES ACCOUNT - COLOR STONES,PRECIOUS STONES LOOSE JOS 1700,COLOR STONES,ACTIVE,JEWELS SALES ACCOUNT - COLOR STONES,PRECIOUS STONES LOOSE JOS 1700
JEWELS SALES ACCOUNT - COLOR STONES,PRECIOUS STONES LOOSE JOS 1800,COLOR STONES,ACTIVE,JEWELS SALES ACCOUNT - COLOR STONES,PRECIOUS STONES LOOSE JOS 1800
JEWELS SALES ACCOUNT - COLOR STONES,PRECIOUS STONES LOOSE JOS 1900,COLOR STONES,ACTIVE,JEWELS SALES ACCOUNT - COLOR STONES,PRECIOUS STONES LOOSE JOS 1900
JEWELS SALES ACCOUNT - COLOR STONES,PRECIOUS STONES LOOSE JOS 2000,COLOR STONES,ACTIVE,JEWELS SALES ACCOUNT - COLOR STONES,PRECIOUS STONES LOOSE JOS 2000
JEWELS SALES ACCOUNT - COLOR STONES,PRECIOUS STONES LOOSE JOS 2100,COLOR STONES,ACTIVE,JEWELS SALES ACCOUNT - COLOR STONES,PRECIOUS STONES LOOSE JOS 2100
JEWELS SALES ACCOUNT - COLOR STONES,PRECIOUS STONES LOOSE JOS 2200,COLOR STONES,ACTIVE,JEWELS SALES ACCOUNT - COLOR STONES,PRECIOUS STONES LOOSE JOS 2200
JEWELS SALES ACCOUNT - COLOR STONES,PRECIOUS STONES LOOSE JOS 2300,COLOR STONES,ACTIVE,JEWELS SALES ACCOUNT - COLOR STONES,PRECIOUS STONES LOOSE JOS 2300
JEWELS SALES ACCOUNT - COLOR STONES,PRECIOUS STONES LOOSE JOS 2400,COLOR STONES,ACTIVE,JEWELS SALES ACCOUNT - COLOR STONES,PRECIOUS STONES LOOSE JOS 2400
JEWELS SALES ACCOUNT - COLOR STONES,PRECIOUS STONES LOOSE JOS 2500,COLOR STONES,ACTIVE,JEWELS SALES ACCOUNT - COLOR STONES,PRECIOUS STONES LOOSE JOS 2500
JEWELS SALES ACCOUNT - COLOR STONES,PRECIOUS STONES LOOSE JOS 2600,COLOR STONES,ACTIVE,JEWELS SALES ACCOUNT - COLOR STONES,PRECIOUS STONES LOOSE JOS 2600
JEWELS SALES ACCOUNT - COLOR STONES,PRECIOUS STONES LOOSE JOS 2700,COLOR STONES,ACTIVE,JEWELS SALES ACCOUNT - COLOR STONES,PRECIOUS STONES LOOSE JOS 2700
JEWELS SALES ACCOUNT - COLOR STONES,PRECIOUS STONES LOOSE JOS 2800,COLOR STONES,ACTIVE,JEWELS SALES ACCOUNT - COLOR STONES,PRECIOUS STONES LOOSE JOS 2800
JEWELS SALES ACCOUNT - COLOR STONES,PRECIOUS STONES LOOSE JOS 2900,COLOR STONES,ACTIVE,JEWELS SALES ACCOUNT - COLOR STONES,PRECIOUS STONES LOOSE JOS 2900
JEWELS SALES ACCOUNT - COLOR STONES,PRECIOUS STONES LOOSE JOS 3000,COLOR STONES,ACTIVE,JEWELS SALES ACCOUNT - COLOR STONES,PRECIOUS STONES LOOSE JOS 3000
JEWELS SALES ACCOUNT - COLOR STONES,PRECIOUS STONES LOOSE JOS 3100,COLOR STONES,ACTIVE,JEWELS SALES ACCOUNT - COLOR STONES,PRECIOUS STONES LOOSE JOS 3100
JEWELS SALES ACCOUNT - COLOR STONES,PRECIOUS STONES LOOSE JOS 3200,COLOR STONES,ACTIVE,JEWELS SALES ACCOUNT - COLOR STONES,PRECIOUS STONES LOOSE JOS 3200
JEWELS SALES ACCOUNT - COLOR STONES,PRECIOUS STONES LOOSE JOS 3300,COLOR STONES,ACTIVE,JEWELS SALES ACCOUNT - COLOR STONES,PRECIOUS STONES LOOSE JOS 3300
JEWELS SALES ACCOUNT - COLOR STONES,PRECIOUS STONES LOOSE JOS 3400,COLOR STONES,ACTIVE,JEWELS SALES ACCOUNT - COLOR STONES,PRECIOUS STONES LOOSE JOS 3400
JEWELS SALES ACCOUNT - COLOR STONES,PRECIOUS STONES LOOSE JOS 3500,COLOR STONES,ACTIVE,JEWELS SALES ACCOUNT - COLOR STONES,PRECIOUS STONES LOOSE JOS 3500
JEWELS SALES ACCOUNT - COLOR STONES,PRECIOUS STONES LOOSE JOS 3600,COLOR STONES,ACTIVE,JEWELS SALES ACCOUNT - COLOR STONES,PRECIOUS STONES LOOSE JOS 3600
JEWELS SALES ACCOUNT - COLOR STONES,PRECIOUS STONES LOOSE JOS 3700,COLOR STONES,ACTIVE,JEWELS SALES ACCOUNT - COLOR STONES,PRECIOUS STONES LOOSE JOS 3700
JEWELS SALES ACCOUNT - COLOR STONES,PRECIOUS STONES LOOSE JOS 4000,COLOR STONES,ACTIVE,JEWELS SALES ACCOUNT - COLOR STONES,PRECIOUS STONES LOOSE JOS 4000
JEWELS SALES ACCOUNT - COLOR STONES,PRECIOUS STONES LOOSE JOS 4200,COLOR STONES,ACTIVE,JEWELS SALES ACCOUNT - COLOR STONES,PRECIOUS STONES LOOSE JOS 4200
JEWELS SALES ACCOUNT - COLOR STONES,PRECIOUS STONES LOOSE JOS 4400,COLOR STONES,ACTIVE,JEWELS SALES ACCOUNT - COLOR STONES,PRECIOUS STONES LOOSE JOS 4400
JEWELS SALES ACCOUNT - COLOR STONES,PRECIOUS STONES LOOSE JOS 4500,COLOR STONES,ACTIVE,JEWELS SALES ACCOUNT - COLOR STONES,PRECIOUS STONES LOOSE JOS 4500
JEWELS SALES ACCOUNT - COLOR STONES,PRECIOUS STONES LOOSE JOS 4800,COLOR STONES,ACTIVE,JEWELS SALES ACCOUNT - COLOR STONES,PRECIOUS STONES LOOSE JOS 4800
JEWELS SALES ACCOUNT - COLOR STONES,PRECIOUS STONES LOOSE JOS 4900,COLOR STONES,ACTIVE,JEWELS SALES ACCOUNT - COLOR STONES,PRECIOUS STONES LOOSE JOS 4900
JEWELS SALES ACCOUNT - COLOR STONES,PRECIOUS STONES LOOSE JOS 5000,COLOR STONES,ACTIVE,JEWELS SALES ACCOUNT - COLOR STONES,PRECIOUS STONES LOOSE JOS 5000
JEWELS SALES ACCOUNT - COLOR STONES,PRECIOUS STONES LOOSE JOS 5500,COLOR STONES,ACTIVE,JEWELS SALES ACCOUNT - COLOR STONES,PRECIOUS STONES LOOSE JOS 5500
JEWELS SALES ACCOUNT - COLOR STONES,PRECIOUS STONES LOOSE JOS 5600,COLOR STONES,ACTIVE,JEWELS SALES ACCOUNT - COLOR STONES,PRECIOUS STONES LOOSE JOS 5600
JEWELS SALES ACCOUNT - COLOR STONES,PRECIOUS STONES LOOSE JOS 6000,COLOR STONES,ACTIVE,JEWELS SALES ACCOUNT - COLOR STONES,PRECIOUS STONES LOOSE JOS 6000
JEWELS SALES ACCOUNT - COLOR STONES,PRECIOUS STONES LOOSE JOS 6500,COLOR STONES,ACTIVE,JEWELS SALES ACCOUNT - COLOR STONES,PRECIOUS STONES LOOSE JOS 6500
JEWELS SALES ACCOUNT - COLOR STONES,PRECIOUS STONES LOOSE JOS 7000,COLOR STONES,ACTIVE,JEWELS SALES ACCOUNT - COLOR STONES,PRECIOUS STONES LOOSE JOS 7000
JEWELS SALES ACCOUNT - COLOR STONES,PRECIOUS STONES LOOSE JOS 7500,COLOR STONES,ACTIVE,JEWELS SALES ACCOUNT - COLOR STONES,PRECIOUS STONES LOOSE JOS 7500
JEWELS SALES ACCOUNT - COLOR STONES,PRECIOUS STONES LOOSE JOS 8000,COLOR STONES,ACTIVE,JEWELS SALES ACCOUNT - COLOR STONES,PRECIOUS STONES LOOSE JOS 8000
JEWELS SALES ACCOUNT - COLOR STONES,PRECIOUS STONES LOOSE JOS 8500,COLOR STONES,ACTIVE,JEWELS SALES ACCOUNT - COLOR STONES,PRECIOUS STONES LOOSE JOS 8500
JEWELS SALES ACCOUNT - COLOR STONES,PRECIOUS STONES LOOSE JOS 10000,COLOR STONES,ACTIVE,JEWELS SALES ACCOUNT - COLOR STONES,PRECIOUS STONES LOOSE JOS 10000
JEWELS SALES ACCOUNT - COLOR STONES,PRECIOUS STONES LOOSE JOS 11000,COLOR STONES,ACTIVE,JEWELS SALES ACCOUNT - COLOR STONES,PRECIOUS STONES LOOSE JOS 11000
JEWELS SALES ACCOUNT - COLOR STONES,PRECIOUS STONES LOOSE JOS 12000,COLOR STONES,ACTIVE,JEWELS SALES ACCOUNT - COLOR STONES,PRECIOUS STONES LOOSE JOS 12000
JEWELS SALES ACCOUNT - COLOR STONES,PRECIOUS STONES LOOSE JOS 14000,COLOR STONES,ACTIVE,JEWELS SALES ACCOUNT - COLOR STONES,PRECIOUS STONES LOOSE JOS 14000
JEWELS SALES ACCOUNT - COLOR STONES,PRECIOUS STONES LOOSE JOS 16000,COLOR STONES,ACTIVE,JEWELS SALES ACCOUNT - COLOR STONES,PRECIOUS STONES LOOSE JOS 16000
JEWELS SALES ACCOUNT - COLOR STONES,PRECIOUS STONES LOOSE JOS 17000,COLOR STONES,ACTIVE,JEWELS SALES ACCOUNT - COLOR STONES,PRECIOUS STONES LOOSE JOS 17000
JEWELS SALES ACCOUNT - COLOR STONES,PRECIOUS STONES LOOSE JOS 17500,COLOR STONES,ACTIVE,JEWELS SALES ACCOUNT - COLOR STONES,PRECIOUS STONES LOOSE JOS 17500
JEWELS SALES ACCOUNT - COLOR STONES,PRECIOUS STONES LOOSE JOS 20000,COLOR STONES,ACTIVE,JEWELS SALES ACCOUNT - COLOR STONES,PRECIOUS STONES LOOSE JOS 20000
JEWELS SALES ACCOUNT - COLOR STONES,PRECIOUS STONES LOOSE JOS 25000,COLOR STONES,ACTIVE,JEWELS SALES ACCOUNT - COLOR STONES,PRECIOUS STONES LOOSE JOS 25000
JEWELS SALES ACCOUNT - COLOR STONES,PRECIOUS STONES LOOSE JOS 38500,COLOR STONES,ACTIVE,JEWELS SALES ACCOUNT - COLOR STONES,PRECIOUS STONES LOOSE JOS 38500
JEWELS SALES ACCOUNT - COLOR STONES,PRECIOUS STONES LOOSE JOS 45000,COLOR STONES,ACTIVE,JEWELS SALES ACCOUNT - COLOR STONES,PRECIOUS STONES LOOSE JOS 45000
JEWELS SALES ACCOUNT - COLOR STONES,PRECIOUS STONES LOOSE JOS 49000,COLOR STONES,ACTIVE,JEWELS SALES ACCOUNT - COLOR STONES,PRECIOUS STONES LOOSE JOS 49000
JEWELS SALES ACCOUNT - COLOR STONES,PRECIOUS STONES LOOSE JOS 66000,COLOR STONES,ACTIVE,JEWELS SALES ACCOUNT - COLOR STONES,PRECIOUS STONES LOOSE JOS 66000
JEWELS SALES ACCOUNT - COLOR STONES,SEMI PRECIOUS JSP 50,COLOR STONES,ACTIVE,JEWELS SALES ACCOUNT - COLOR STONES,SEMI PRECIOUS JSP 50
JEWELS SALES ACCOUNT - COLOR STONES,SEMI PRECIOUS JSP 100,COLOR STONES,ACTIVE,JEWELS SALES ACCOUNT - COLOR STONES,SEMI PRECIOUS JSP 100
JEWELS SALES ACCOUNT - COLOR STONES,SEMI PRECIOUS JSP 150,COLOR STONES,ACTIVE,JEWELS SALES ACCOUNT - COLOR STONES,SEMI PRECIOUS JSP 150
JEWELS SALES ACCOUNT - COLOR STONES,SEMI PRECIOUS JSP 200,COLOR STONES,ACTIVE,JEWELS SALES ACCOUNT - COLOR STONES,SEMI PRECIOUS JSP 200
JEWELS SALES ACCOUNT - COLOR STONES,SEMI PRECIOUS JSP 250,COLOR STONES,ACTIVE,JEWELS SALES ACCOUNT - COLOR STONES,SEMI PRECIOUS JSP 250
JEWELS SALES ACCOUNT - COLOR STONES,SEMI PRECIOUS JSP 300,COLOR STONES,ACTIVE,JEWELS SALES ACCOUNT - COLOR STONES,SEMI PRECIOUS JSP 300
JEWELS SALES ACCOUNT - COLOR STONES,SEMI PRECIOUS JSP 350,COLOR STONES,ACTIVE,JEWELS SALES ACCOUNT - COLOR STONES,SEMI PRECIOUS JSP 350
JEWELS SALES ACCOUNT - COLOR STONES,SEMI PRECIOUS JSP 400,COLOR STONES,ACTIVE,JEWELS SALES ACCOUNT - COLOR STONES,SEMI PRECIOUS JSP 400
JEWELS SALES ACCOUNT - COLOR STONES,SEMI PRECIOUS JSP 450,COLOR STONES,ACTIVE,JEWELS SALES ACCOUNT - COLOR STONES,SEMI PRECIOUS JSP 450
JEWELS SALES ACCOUNT - COLOR STONES,SEMI PRECIOUS JSP 500,COLOR STONES,ACTIVE,JEWELS SALES ACCOUNT - COLOR STONES,SEMI PRECIOUS JSP 500
JEWELS SALES ACCOUNT - COLOR STONES,SEMI PRECIOUS JSP 550,COLOR STONES,ACTIVE,JEWELS SALES ACCOUNT - COLOR STONES,SEMI PRECIOUS JSP 550
JEWELS SALES ACCOUNT - COLOR STONES,SEMI PRECIOUS JSP 600,COLOR STONES,ACTIVE,JEWELS SALES ACCOUNT - COLOR STONES,SEMI PRECIOUS JSP 600
JEWELS SALES ACCOUNT - COLOR STONES,SEMI PRECIOUS JSP 650,COLOR STONES,ACTIVE,JEWELS SALES ACCOUNT - COLOR STONES,SEMI PRECIOUS JSP 650
JEWELS SALES ACCOUNT - COLOR STONES,SEMI PRECIOUS JSP 700,COLOR STONES,ACTIVE,JEWELS SALES ACCOUNT - COLOR STONES,SEMI PRECIOUS JSP 700
JEWELS SALES ACCOUNT - COLOR STONES,SEMI PRECIOUS JSP 750,COLOR STONES,ACTIVE,JEWELS SALES ACCOUNT - COLOR STONES,SEMI PRECIOUS JSP 750
JEWELS SALES ACCOUNT - COLOR STONES,SEMI PRECIOUS JSP 800,COLOR STONES,ACTIVE,JEWELS SALES ACCOUNT - COLOR STONES,SEMI PRECIOUS JSP 800
JEWELS SALES ACCOUNT - COLOR STONES,SEMI PRECIOUS JSP 850,COLOR STONES,ACTIVE,JEWELS SALES ACCOUNT - COLOR STONES,SEMI PRECIOUS JSP 850
JEWELS SALES ACCOUNT - COLOR STONES,SEMI PRECIOUS JSP 900,COLOR STONES,ACTIVE,JEWELS SALES ACCOUNT - COLOR STONES,SEMI PRECIOUS JSP 900
JEWELS SALES ACCOUNT - COLOR STONES,SEMI PRECIOUS JSP 950,COLOR STONES,ACTIVE,JEWELS SALES ACCOUNT - COLOR STONES,SEMI PRECIOUS JSP 950
JEWELS SALES ACCOUNT - COLOR STONES,SEMI PRECIOUS JSP 1000,COLOR STONES,ACTIVE,JEWELS SALES ACCOUNT - COLOR STONES,SEMI PRECIOUS JSP 1000
JEWELS SALES ACCOUNT - COLOR STONES,SEMI PRECIOUS JSP 1100,COLOR STONES,ACTIVE,JEWELS SALES ACCOUNT - COLOR STONES,SEMI PRECIOUS JSP 1100
JEWELS SALES ACCOUNT - COLOR STONES,SEMI PRECIOUS JSP 1200,COLOR STONES,ACTIVE,JEWELS SALES ACCOUNT - COLOR STONES,SEMI PRECIOUS JSP 1200
JEWELS SALES ACCOUNT - COLOR STONES,SEMI PRECIOUS JSP 1300,COLOR STONES,ACTIVE,JEWELS SALES ACCOUNT - COLOR STONES,SEMI PRECIOUS JSP 1300
JEWELS SALES ACCOUNT - COLOR STONES,SEMI PRECIOUS JSP 1400,COLOR STONES,ACTIVE,JEWELS SALES ACCOUNT - COLOR STONES,SEMI PRECIOUS JSP 1400
JEWELS SALES ACCOUNT - COLOR STONES,SEMI PRECIOUS JSP 1500,COLOR STONES,ACTIVE,JEWELS SALES ACCOUNT - COLOR STONES,SEMI PRECIOUS JSP 1500
JEWELS SALES ACCOUNT - COLOR STONES,SEMI PRECIOUS JSP 1600,COLOR STONES,ACTIVE,JEWELS SALES ACCOUNT - COLOR STONES,SEMI PRECIOUS JSP 1600
JEWELS SALES ACCOUNT - COLOR STONES,SEMI PRECIOUS JSP 1700,COLOR STONES,ACTIVE,JEWELS SALES ACCOUNT - COLOR STONES,SEMI PRECIOUS JSP 1700
JEWELS SALES ACCOUNT - COLOR STONES,SEMI PRECIOUS JSP 1800,COLOR STONES,ACTIVE,JEWELS SALES ACCOUNT - COLOR STONES,SEMI PRECIOUS JSP 1800
JEWELS SALES ACCOUNT - COLOR STONES,SEMI PRECIOUS JSP 1900,COLOR STONES,ACTIVE,JEWELS SALES ACCOUNT - COLOR STONES,SEMI PRECIOUS JSP 1900
JEWELS SALES ACCOUNT - COLOR STONES,SEMI PRECIOUS JSP 2000,COLOR STONES,ACTIVE,JEWELS SALES ACCOUNT - COLOR STONES,SEMI PRECIOUS JSP 2000
JEWELS SALES ACCOUNT - COLOR STONES,SEMI PRECIOUS JSP 2100,COLOR STONES,ACTIVE,JEWELS SALES ACCOUNT - COLOR STONES,SEMI PRECIOUS JSP 2100
JEWELS SALES ACCOUNT - COLOR STONES,SEMI PRECIOUS JSP 2200,COLOR STONES,ACTIVE,JEWELS SALES ACCOUNT - COLOR STONES,SEMI PRECIOUS JSP 2200
JEWELS SALES ACCOUNT - COLOR STONES,SEMI PRECIOUS JSP 2300,COLOR STONES,ACTIVE,JEWELS SALES ACCOUNT - COLOR STONES,SEMI PRECIOUS JSP 2300
JEWELS SALES ACCOUNT - COLOR STONES,SEMI PRECIOUS JSP 2400,COLOR STONES,ACTIVE,JEWELS SALES ACCOUNT - COLOR STONES,SEMI PRECIOUS JSP 2400
JEWELS SALES ACCOUNT - COLOR STONES,SEMI PRECIOUS JSP 2500,COLOR STONES,ACTIVE,JEWELS SALES ACCOUNT - COLOR STONES,SEMI PRECIOUS JSP 2500
JEWELS SALES ACCOUNT - COLOR STONES,SEMI PRECIOUS JSP 2600,COLOR STONES,ACTIVE,JEWELS SALES ACCOUNT - COLOR STONES,SEMI PRECIOUS JSP 2600
JEWELS SALES ACCOUNT - COLOR STONES,SEMI PRECIOUS JSP 2700,COLOR STONES,ACTIVE,JEWELS SALES ACCOUNT - COLOR STONES,SEMI PRECIOUS JSP 2700
JEWELS SALES ACCOUNT - COLOR STONES,SEMI PRECIOUS JSP 2800,COLOR STONES,ACTIVE,JEWELS SALES ACCOUNT - COLOR STONES,SEMI PRECIOUS JSP 2800
JEWELS SALES ACCOUNT - COLOR STONES,SEMI PRECIOUS JSP 2900,COLOR STONES,ACTIVE,JEWELS SALES ACCOUNT - COLOR STONES,SEMI PRECIOUS JSP 2900
JEWELS SALES ACCOUNT - COLOR STONES,SEMI PRECIOUS JSP 3000,COLOR STONES,ACTIVE,JEWELS SALES ACCOUNT - COLOR STONES,SEMI PRECIOUS JSP 3000
JEWELS SALES ACCOUNT - COLOR STONES,SEMI PRECIOUS JSP 3100,COLOR STONES,ACTIVE,JEWELS SALES ACCOUNT - COLOR STONES,SEMI PRECIOUS JSP 3100
JEWELS SALES ACCOUNT - COLOR STONES,SEMI PRECIOUS JSP 3200,COLOR STONES,ACTIVE,JEWELS SALES ACCOUNT - COLOR STONES,SEMI PRECIOUS JSP 3200
JEWELS SALES ACCOUNT - COLOR STONES,SEMI PRECIOUS JSP 3300,COLOR STONES,ACTIVE,JEWELS SALES ACCOUNT - COLOR STONES,SEMI PRECIOUS JSP 3300
JEWELS SALES ACCOUNT - COLOR STONES,SEMI PRECIOUS JSP 3400,COLOR STONES,ACTIVE,JEWELS SALES ACCOUNT - COLOR STONES,SEMI PRECIOUS JSP 3400
JEWELS SALES ACCOUNT - COLOR STONES,SEMI PRECIOUS JSP 3500,COLOR STONES,ACTIVE,JEWELS SALES ACCOUNT - COLOR STONES,SEMI PRECIOUS JSP 3500
JEWELS SALES ACCOUNT - COLOR STONES,SEMI PRECIOUS JSP 3600,COLOR STONES,ACTIVE,JEWELS SALES ACCOUNT - COLOR STONES,SEMI PRECIOUS JSP 3600
JEWELS SALES ACCOUNT - COLOR STONES,SEMI PRECIOUS JSP 3700,COLOR STONES,ACTIVE,JEWELS SALES ACCOUNT - COLOR STONES,SEMI PRECIOUS JSP 3700
JEWELS SALES ACCOUNT - COLOR STONES,SEMI PRECIOUS JSP 4000,COLOR STONES,ACTIVE,JEWELS SALES ACCOUNT - COLOR STONES,SEMI PRECIOUS JSP 4000
JEWELS SALES ACCOUNT - COLOR STONES,SEMI PRECIOUS JSP 4200,COLOR STONES,ACTIVE,JEWELS SALES ACCOUNT - COLOR STONES,SEMI PRECIOUS JSP 4200
JEWELS SALES ACCOUNT - COLOR STONES,SEMI PRECIOUS JSP 4400,COLOR STONES,ACTIVE,JEWELS SALES ACCOUNT - COLOR STONES,SEMI PRECIOUS JSP 4400
JEWELS SALES ACCOUNT - COLOR STONES,SEMI PRECIOUS JSP 4500,COLOR STONES,ACTIVE,JEWELS SALES ACCOUNT - COLOR STONES,SEMI PRECIOUS JSP 4500
JEWELS SALES ACCOUNT - COLOR STONES,SEMI PRECIOUS JSP 4800,COLOR STONES,ACTIVE,JEWELS SALES ACCOUNT - COLOR STONES,SEMI PRECIOUS JSP 4800
JEWELS SALES ACCOUNT - COLOR STONES,SEMI PRECIOUS JSP 4900,COLOR STONES,ACTIVE,JEWELS SALES ACCOUNT - COLOR STONES,SEMI PRECIOUS JSP 4900
JEWELS SALES ACCOUNT - COLOR STONES,SEMI PRECIOUS JSP 5000,COLOR STONES,ACTIVE,JEWELS SALES ACCOUNT - COLOR STONES,SEMI PRECIOUS JSP 5000
JEWELS SALES ACCOUNT - COLOR STONES,SEMI PRECIOUS JSP 5500,COLOR STONES,ACTIVE,JEWELS SALES ACCOUNT - COLOR STONES,SEMI PRECIOUS JSP 5500
JEWELS SALES ACCOUNT - COLOR STONES,SEMI PRECIOUS JSP 5600,COLOR STONES,ACTIVE,JEWELS SALES ACCOUNT - COLOR STONES,SEMI PRECIOUS JSP 5600
JEWELS SALES ACCOUNT - COLOR STONES,SEMI PRECIOUS JSP 6000,COLOR STONES,ACTIVE,JEWELS SALES ACCOUNT - COLOR STONES,SEMI PRECIOUS JSP 6000
JEWELS SALES ACCOUNT - COLOR STONES,SEMI PRECIOUS JSP 6500,COLOR STONES,ACTIVE,JEWELS SALES ACCOUNT - COLOR STONES,SEMI PRECIOUS JSP 6500
JEWELS SALES ACCOUNT - COLOR STONES,SEMI PRECIOUS JSP 7000,COLOR STONES,ACTIVE,JEWELS SALES ACCOUNT - COLOR STONES,SEMI PRECIOUS JSP 7000
JEWELS SALES ACCOUNT - COLOR STONES,SEMI PRECIOUS JSP 7500,COLOR STONES,ACTIVE,JEWELS SALES ACCOUNT - COLOR STONES,SEMI PRECIOUS JSP 7500
JEWELS SALES ACCOUNT - COLOR STONES,SEMI PRECIOUS JSP 8000,COLOR STONES,ACTIVE,JEWELS SALES ACCOUNT - COLOR STONES,SEMI PRECIOUS JSP 8000
JEWELS SALES ACCOUNT - COLOR STONES,SEMI PRECIOUS JSP 8500,COLOR STONES,ACTIVE,JEWELS SALES ACCOUNT - COLOR STONES,SEMI PRECIOUS JSP 8500
JEWELS SALES ACCOUNT - COLOR STONES,SEMI PRECIOUS JSP 10000,COLOR STONES,ACTIVE,JEWELS SALES ACCOUNT - COLOR STONES,SEMI PRECIOUS JSP 10000
JEWELS SALES ACCOUNT - COLOR STONES,SEMI PRECIOUS JSP 11000,COLOR STONES,ACTIVE,JEWELS SALES ACCOUNT - COLOR STONES,SEMI PRECIOUS JSP 11000
JEWELS SALES ACCOUNT - COLOR STONES,SEMI PRECIOUS JSP 12000,COLOR STONES,ACTIVE,JEWELS SALES ACCOUNT - COLOR STONES,SEMI PRECIOUS JSP 12000
JEWELS SALES ACCOUNT - COLOR STONES,SEMI PRECIOUS JSP 14000,COLOR STONES,ACTIVE,JEWELS SALES ACCOUNT - COLOR STONES,SEMI PRECIOUS JSP 14000
JEWELS SALES ACCOUNT - COLOR STONES,SEMI PRECIOUS JSP 16000,COLOR STONES,ACTIVE,JEWELS SALES ACCOUNT - COLOR STONES,SEMI PRECIOUS JSP 16000
JEWELS SALES ACCOUNT - COLOR STONES,SEMI PRECIOUS JSP 17000,COLOR STONES,ACTIVE,JEWELS SALES ACCOUNT - COLOR STONES,SEMI PRECIOUS JSP 17000
JEWELS SALES ACCOUNT - COLOR STONES,SEMI PRECIOUS JSP 17500,COLOR STONES,ACTIVE,JEWELS SALES ACCOUNT - COLOR STONES,SEMI PRECIOUS JSP 17500
JEWELS SALES ACCOUNT - COLOR STONES,SEMI PRECIOUS JSP 20000,COLOR STONES,ACTIVE,JEWELS SALES ACCOUNT - COLOR STONES,SEMI PRECIOUS JSP 20000
JEWELS SALES ACCOUNT - COLOR STONES,SEMI PRECIOUS JSP 25000,COLOR STONES,ACTIVE,JEWELS SALES ACCOUNT - COLOR STONES,SEMI PRECIOUS JSP 25000
JEWELS SALES ACCOUNT - COLOR STONES,SEMI PRECIOUS JSP 38500,COLOR STONES,ACTIVE,JEWELS SALES ACCOUNT - COLOR STONES,SEMI PRECIOUS JSP 38500
JEWELS SALES ACCOUNT - COLOR STONES,SEMI PRECIOUS JSP 45000,COLOR STONES,ACTIVE,JEWELS SALES ACCOUNT - COLOR STONES,SEMI PRECIOUS JSP 45000
JEWELS SALES ACCOUNT - COLOR STONES,SEMI PRECIOUS JSP 49000,COLOR STONES,ACTIVE,JEWELS SALES ACCOUNT - COLOR STONES,SEMI PRECIOUS JSP 49000
JEWELS SALES ACCOUNT - COLOR STONES,SEMI PRECIOUS JSP 66000,COLOR STONES,ACTIVE,JEWELS SALES ACCOUNT - COLOR STONES,SEMI PRECIOUS JSP 66000
JEWELS SALES ACCOUNT - COLOR STONES,SYNTHETIC JSY 50,COLOR STONES,ACTIVE,JEWELS SALES ACCOUNT - COLOR STONES,SYNTHETIC JSY 50
JEWELS SALES ACCOUNT - COLOR STONES,SYNTHETIC JSY 100,COLOR STONES,ACTIVE,JEWELS SALES ACCOUNT - COLOR STONES,SYNTHETIC JSY 100
JEWELS SALES ACCOUNT - COLOR STONES,SYNTHETIC JSY 150,COLOR STONES,ACTIVE,JEWELS SALES ACCOUNT - COLOR STONES,SYNTHETIC JSY 150
JEWELS SALES ACCOUNT - COLOR STONES,SYNTHETIC JSY 200,COLOR STONES,ACTIVE,JEWELS SALES ACCOUNT - COLOR STONES,SYNTHETIC JSY 200
JEWELS SALES ACCOUNT - COLOR STONES,SYNTHETIC JSY 250,COLOR STONES,ACTIVE,JEWELS SALES ACCOUNT - COLOR STONES,SYNTHETIC JSY 250
JEWELS SALES ACCOUNT - COLOR STONES,SYNTHETIC JSY 300,COLOR STONES,ACTIVE,JEWELS SALES ACCOUNT - COLOR STONES,SYNTHETIC JSY 300
JEWELS SALES ACCOUNT - COLOR STONES,SYNTHETIC JSY 350,COLOR STONES,ACTIVE,JEWELS SALES ACCOUNT - COLOR STONES,SYNTHETIC JSY 350
JEWELS SALES ACCOUNT - COLOR STONES,SYNTHETIC JSY 400,COLOR STONES,ACTIVE,JEWELS SALES ACCOUNT - COLOR STONES,SYNTHETIC JSY 400
JEWELS SALES ACCOUNT - COLOR STONES,SYNTHETIC JSY 450,COLOR STONES,ACTIVE,JEWELS SALES ACCOUNT - COLOR STONES,SYNTHETIC JSY 450
JEWELS SALES ACCOUNT - COLOR STONES,SYNTHETIC JSY 500,COLOR STONES,ACTIVE,JEWELS SALES ACCOUNT - COLOR STONES,SYNTHETIC JSY 500
JEWELS SALES ACCOUNT - COLOR STONES,SYNTHETIC JSY 550,COLOR STONES,ACTIVE,JEWELS SALES ACCOUNT - COLOR STONES,SYNTHETIC JSY 550
JEWELS SALES ACCOUNT - COLOR STONES,SYNTHETIC JSY 600,COLOR STONES,ACTIVE,JEWELS SALES ACCOUNT - COLOR STONES,SYNTHETIC JSY 600
JEWELS SALES ACCOUNT - COLOR STONES,SYNTHETIC JSY 650,COLOR STONES,ACTIVE,JEWELS SALES ACCOUNT - COLOR STONES,SYNTHETIC JSY 650
JEWELS SALES ACCOUNT - COLOR STONES,SYNTHETIC JSY 700,COLOR STONES,ACTIVE,JEWELS SALES ACCOUNT - COLOR STONES,SYNTHETIC JSY 700
JEWELS SALES ACCOUNT - COLOR STONES,SYNTHETIC JSY 750,COLOR STONES,ACTIVE,JEWELS SALES ACCOUNT - COLOR STONES,SYNTHETIC JSY 750
JEWELS SALES ACCOUNT - COLOR STONES,SYNTHETIC JSY 800,COLOR STONES,ACTIVE,JEWELS SALES ACCOUNT - COLOR STONES,SYNTHETIC JSY 800
JEWELS SALES ACCOUNT - COLOR STONES,SYNTHETIC JSY 850,COLOR STONES,ACTIVE,JEWELS SALES ACCOUNT - COLOR STONES,SYNTHETIC JSY 850
JEWELS SALES ACCOUNT - COLOR STONES,SYNTHETIC JSY 900,COLOR STONES,ACTIVE,JEWELS SALES ACCOUNT - COLOR STONES,SYNTHETIC JSY 900
JEWELS SALES ACCOUNT - COLOR STONES,SYNTHETIC JSY 950,COLOR STONES,ACTIVE,JEWELS SALES ACCOUNT - COLOR STONES,SYNTHETIC JSY 950
JEWELS SALES ACCOUNT - COLOR STONES,SYNTHETIC JSY 1000,COLOR STONES,ACTIVE,JEWELS SALES ACCOUNT - COLOR STONES,SYNTHETIC JSY 1000
JEWELS SALES ACCOUNT - COLOR STONES,SYNTHETIC JSY 1100,COLOR STONES,ACTIVE,JEWELS SALES ACCOUNT - COLOR STONES,SYNTHETIC JSY 1100
JEWELS SALES ACCOUNT - COLOR STONES,SYNTHETIC JSY 1200,COLOR STONES,ACTIVE,JEWELS SALES ACCOUNT - COLOR STONES,SYNTHETIC JSY 1200
JEWELS SALES ACCOUNT - COLOR STONES,SYNTHETIC JSY 1300,COLOR STONES,ACTIVE,JEWELS SALES ACCOUNT - COLOR STONES,SYNTHETIC JSY 1300
JEWELS SALES ACCOUNT - COLOR STONES,SYNTHETIC JSY 1400,COLOR STONES,ACTIVE,JEWELS SALES ACCOUNT - COLOR STONES,SYNTHETIC JSY 1400
JEWELS SALES ACCOUNT - COLOR STONES,SYNTHETIC JSY 1500,COLOR STONES,ACTIVE,JEWELS SALES ACCOUNT - COLOR STONES,SYNTHETIC JSY 1500
JEWELS SALES ACCOUNT - COLOR STONES,SYNTHETIC JSY 1600,COLOR STONES,ACTIVE,JEWELS SALES ACCOUNT - COLOR STONES,SYNTHETIC JSY 1600
JEWELS SALES ACCOUNT - COLOR STONES,SYNTHETIC JSY 1700,COLOR STONES,ACTIVE,JEWELS SALES ACCOUNT - COLOR STONES,SYNTHETIC JSY 1700
JEWELS SALES ACCOUNT - COLOR STONES,SYNTHETIC JSY 1800,COLOR STONES,ACTIVE,JEWELS SALES ACCOUNT - COLOR STONES,SYNTHETIC JSY 1800
JEWELS SALES ACCOUNT - COLOR STONES,SYNTHETIC JSY 1900,COLOR STONES,ACTIVE,JEWELS SALES ACCOUNT - COLOR STONES,SYNTHETIC JSY 1900
JEWELS SALES ACCOUNT - COLOR STONES,SYNTHETIC JSY 2000,COLOR STONES,ACTIVE,JEWELS SALES ACCOUNT - COLOR STONES,SYNTHETIC JSY 2000
JEWELS SALES ACCOUNT - COLOR STONES,SYNTHETIC JSY 2100,COLOR STONES,ACTIVE,JEWELS SALES ACCOUNT - COLOR STONES,SYNTHETIC JSY 2100
JEWELS SALES ACCOUNT - COLOR STONES,SYNTHETIC JSY 2200,COLOR STONES,ACTIVE,JEWELS SALES ACCOUNT - COLOR STONES,SYNTHETIC JSY 2200
JEWELS SALES ACCOUNT - COLOR STONES,SYNTHETIC JSY 2300,COLOR STONES,ACTIVE,JEWELS SALES ACCOUNT - COLOR STONES,SYNTHETIC JSY 2300
JEWELS SALES ACCOUNT - COLOR STONES,SYNTHETIC JSY 2400,COLOR STONES,ACTIVE,JEWELS SALES ACCOUNT - COLOR STONES,SYNTHETIC JSY 2400
JEWELS SALES ACCOUNT - COLOR STONES,SYNTHETIC JSY 2500,COLOR STONES,ACTIVE,JEWELS SALES ACCOUNT - COLOR STONES,SYNTHETIC JSY 2500
JEWELS SALES ACCOUNT - COLOR STONES,SYNTHETIC JSY 2600,COLOR STONES,ACTIVE,JEWELS SALES ACCOUNT - COLOR STONES,SYNTHETIC JSY 2600
JEWELS SALES ACCOUNT - COLOR STONES,SYNTHETIC JSY 2700,COLOR STONES,ACTIVE,JEWELS SALES ACCOUNT - COLOR STONES,SYNTHETIC JSY 2700
JEWELS SALES ACCOUNT - COLOR STONES,SYNTHETIC JSY 2800,COLOR STONES,ACTIVE,JEWELS SALES ACCOUNT - COLOR STONES,SYNTHETIC JSY 2800
JEWELS SALES ACCOUNT - COLOR STONES,SYNTHETIC JSY 2900,COLOR STONES,ACTIVE,JEWELS SALES ACCOUNT - COLOR STONES,SYNTHETIC JSY 2900
JEWELS SALES ACCOUNT - COLOR STONES,SYNTHETIC JSY 3000,COLOR STONES,ACTIVE,JEWELS SALES ACCOUNT - COLOR STONES,SYNTHETIC JSY 3000
JEWELS SALES ACCOUNT - COLOR STONES,SYNTHETIC JSY 3100,COLOR STONES,ACTIVE,JEWELS SALES ACCOUNT - COLOR STONES,SYNTHETIC JSY 3100
JEWELS SALES ACCOUNT - COLOR STONES,SYNTHETIC JSY 3200,COLOR STONES,ACTIVE,JEWELS SALES ACCOUNT - COLOR STONES,SYNTHETIC JSY 3200
JEWELS SALES ACCOUNT - COLOR STONES,SYNTHETIC JSY 3300,COLOR STONES,ACTIVE,JEWELS SALES ACCOUNT - COLOR STONES,SYNTHETIC JSY 3300
JEWELS SALES ACCOUNT - COLOR STONES,SYNTHETIC JSY 3400,COLOR STONES,ACTIVE,JEWELS SALES ACCOUNT - COLOR STONES,SYNTHETIC JSY 3400
JEWELS SALES ACCOUNT - COLOR STONES,SYNTHETIC JSY 3500,COLOR STONES,ACTIVE,JEWELS SALES ACCOUNT - COLOR STONES,SYNTHETIC JSY 3500
JEWELS SALES ACCOUNT - COLOR STONES,SYNTHETIC JSY 3600,COLOR STONES,ACTIVE,JEWELS SALES ACCOUNT - COLOR STONES,SYNTHETIC JSY 3600
JEWELS SALES ACCOUNT - COLOR STONES,SYNTHETIC JSY 3700,COLOR STONES,ACTIVE,JEWELS SALES ACCOUNT - COLOR STONES,SYNTHETIC JSY 3700
JEWELS SALES ACCOUNT - COLOR STONES,SYNTHETIC JSY 4000,COLOR STONES,ACTIVE,JEWELS SALES ACCOUNT - COLOR STONES,SYNTHETIC JSY 4000
JEWELS SALES ACCOUNT - COLOR STONES,SYNTHETIC JSY 4200,COLOR STONES,ACTIVE,JEWELS SALES ACCOUNT - COLOR STONES,SYNTHETIC JSY 4200
JEWELS SALES ACCOUNT - COLOR STONES,SYNTHETIC JSY 4400,COLOR STONES,ACTIVE,JEWELS SALES ACCOUNT - COLOR STONES,SYNTHETIC JSY 4400
JEWELS SALES ACCOUNT - COLOR STONES,SYNTHETIC JSY 4500,COLOR STONES,ACTIVE,JEWELS SALES ACCOUNT - COLOR STONES,SYNTHETIC JSY 4500
JEWELS SALES ACCOUNT - COLOR STONES,SYNTHETIC JSY 4800,COLOR STONES,ACTIVE,JEWELS SALES ACCOUNT - COLOR STONES,SYNTHETIC JSY 4800
JEWELS SALES ACCOUNT - COLOR STONES,SYNTHETIC JSY 4900,COLOR STONES,ACTIVE,JEWELS SALES ACCOUNT - COLOR STONES,SYNTHETIC JSY 4900
JEWELS SALES ACCOUNT - COLOR STONES,SYNTHETIC JSY 5000,COLOR STONES,ACTIVE,JEWELS SALES ACCOUNT - COLOR STONES,SYNTHETIC JSY 5000
JEWELS SALES ACCOUNT - COLOR STONES,SYNTHETIC JSY 5500,COLOR STONES,ACTIVE,JEWELS SALES ACCOUNT - COLOR STONES,SYNTHETIC JSY 5500
JEWELS SALES ACCOUNT - COLOR STONES,SYNTHETIC JSY 5600,COLOR STONES,ACTIVE,JEWELS SALES ACCOUNT - COLOR STONES,SYNTHETIC JSY 5600
JEWELS SALES ACCOUNT - COLOR STONES,SYNTHETIC JSY 6000,COLOR STONES,ACTIVE,JEWELS SALES ACCOUNT - COLOR STONES,SYNTHETIC JSY 6000
JEWELS SALES ACCOUNT - COLOR STONES,SYNTHETIC JSY 6500,COLOR STONES,ACTIVE,JEWELS SALES ACCOUNT - COLOR STONES,SYNTHETIC JSY 6500
JEWELS SALES ACCOUNT - COLOR STONES,SYNTHETIC JSY 7000,COLOR STONES,ACTIVE,JEWELS SALES ACCOUNT - COLOR STONES,SYNTHETIC JSY 7000
JEWELS SALES ACCOUNT - COLOR STONES,SYNTHETIC JSY 7500,COLOR STONES,ACTIVE,JEWELS SALES ACCOUNT - COLOR STONES,SYNTHETIC JSY 7500
JEWELS SALES ACCOUNT - COLOR STONES,SYNTHETIC JSY 8000,COLOR STONES,ACTIVE,JEWELS SALES ACCOUNT - COLOR STONES,SYNTHETIC JSY 8000
JEWELS SALES ACCOUNT - COLOR STONES,SYNTHETIC JSY 8500,COLOR STONES,ACTIVE,JEWELS SALES ACCOUNT - COLOR STONES,SYNTHETIC JSY 8500
JEWELS SALES ACCOUNT - COLOR STONES,SYNTHETIC JSY 10000,COLOR STONES,ACTIVE,JEWELS SALES ACCOUNT - COLOR STONES,SYNTHETIC JSY 10000
JEWELS SALES ACCOUNT - COLOR STONES,SYNTHETIC JSY 11000,COLOR STONES,ACTIVE,JEWELS SALES ACCOUNT - COLOR STONES,SYNTHETIC JSY 11000
JEWELS SALES ACCOUNT - COLOR STONES,SYNTHETIC JSY 12000,COLOR STONES,ACTIVE,JEWELS SALES ACCOUNT - COLOR STONES,SYNTHETIC JSY 12000
JEWELS SALES ACCOUNT - COLOR STONES,SYNTHETIC JSY 14000,COLOR STONES,ACTIVE,JEWELS SALES ACCOUNT - COLOR STONES,SYNTHETIC JSY 14000
JEWELS SALES ACCOUNT - COLOR STONES,SYNTHETIC JSY 16000,COLOR STONES,ACTIVE,JEWELS SALES ACCOUNT - COLOR STONES,SYNTHETIC JSY 16000
JEWELS SALES ACCOUNT - COLOR STONES,SYNTHETIC JSY 17000,COLOR STONES,ACTIVE,JEWELS SALES ACCOUNT - COLOR STONES,SYNTHETIC JSY 17000
JEWELS SALES ACCOUNT - COLOR STONES,SYNTHETIC JSY 17500,COLOR STONES,ACTIVE,JEWELS SALES ACCOUNT - COLOR STONES,SYNTHETIC JSY 17500
JEWELS SALES ACCOUNT - COLOR STONES,SYNTHETIC JSY 20000,COLOR STONES,ACTIVE,JEWELS SALES ACCOUNT - COLOR STONES,SYNTHETIC JSY 20000
JEWELS SALES ACCOUNT - COLOR STONES,SYNTHETIC JSY 25000,COLOR STONES,ACTIVE,JEWELS SALES ACCOUNT - COLOR STONES,SYNTHETIC JSY 25000
JEWELS SALES ACCOUNT - COLOR STONES,SYNTHETIC JSY 38500,COLOR STONES,ACTIVE,JEWELS SALES ACCOUNT - COLOR STONES,SYNTHETIC JSY 38500
JEWELS SALES ACCOUNT - COLOR STONES,SYNTHETIC JSY 45000,COLOR STONES,ACTIVE,JEWELS SALES ACCOUNT - COLOR STONES,SYNTHETIC JSY 45000
JEWELS SALES ACCOUNT - COLOR STONES,SYNTHETIC JSY 49000,COLOR STONES,ACTIVE,JEWELS SALES ACCOUNT - COLOR STONES,SYNTHETIC JSY 49000
JEWELS SALES ACCOUNT - COLOR STONES,SYNTHETIC JSY 66000,COLOR STONES,ACTIVE,JEWELS SALES ACCOUNT - COLOR STONES,SYNTHETIC JSY 66000
JEWELS SALES ACCOUNT - EMERALDS,CUSTOMER EMERALDS,EMERALDS,ACTIVE,JEWELS SALES ACCOUNT - EMERALDS,CUSTOMER EMERALDS
JEWELS SALES ACCOUNT - EMERALDS,EMERALDS JEM 50,EMERALDS,ACTIVE,JEWELS SALES ACCOUNT - EMERALDS,EMERALDS JEM 50
JEWELS SALES ACCOUNT - EMERALDS,EMERALDS JEM 100,EMERALDS,ACTIVE,JEWELS SALES ACCOUNT - EMERALDS,EMERALDS JEM 100
JEWELS SALES ACCOUNT - EMERALDS,EMERALDS JEM 150,EMERALDS,ACTIVE,JEWELS SALES ACCOUNT - EMERALDS,EMERALDS JEM 150
JEWELS SALES ACCOUNT - EMERALDS,EMERALDS JEM 200,EMERALDS,ACTIVE,JEWELS SALES ACCOUNT - EMERALDS,EMERALDS JEM 200
JEWELS SALES ACCOUNT - EMERALDS,EMERALDS JEM 250,EMERALDS,ACTIVE,JEWELS SALES ACCOUNT - EMERALDS,EMERALDS JEM 250
JEWELS SALES ACCOUNT - EMERALDS,EMERALDS JEM 300,EMERALDS,ACTIVE,JEWELS SALES ACCOUNT - EMERALDS,EMERALDS JEM 300
JEWELS SALES ACCOUNT - EMERALDS,EMERALDS JEM 350,EMERALDS,ACTIVE,JEWELS SALES ACCOUNT - EMERALDS,EMERALDS JEM 350
JEWELS SALES ACCOUNT - EMERALDS,EMERALDS JEM 400,EMERALDS,ACTIVE,JEWELS SALES ACCOUNT - EMERALDS,EMERALDS JEM 400
JEWELS SALES ACCOUNT - EMERALDS,EMERALDS JEM 450,EMERALDS,ACTIVE,JEWELS SALES ACCOUNT - EMERALDS,EMERALDS JEM 450
JEWELS SALES ACCOUNT - EMERALDS,EMERALDS JEM 500,EMERALDS,ACTIVE,JEWELS SALES ACCOUNT - EMERALDS,EMERALDS JEM 500
JEWELS SALES ACCOUNT - EMERALDS,EMERALDS JEM 550,EMERALDS,ACTIVE,JEWELS SALES ACCOUNT - EMERALDS,EMERALDS JEM 550
JEWELS SALES ACCOUNT - EMERALDS,EMERALDS JEM 600,EMERALDS,ACTIVE,JEWELS SALES ACCOUNT - EMERALDS,EMERALDS JEM 600
JEWELS SALES ACCOUNT - EMERALDS,EMERALDS JEM 650,EMERALDS,ACTIVE,JEWELS SALES ACCOUNT - EMERALDS,EMERALDS JEM 650
JEWELS SALES ACCOUNT - EMERALDS,EMERALDS JEM 700,EMERALDS,ACTIVE,JEWELS SALES ACCOUNT - EMERALDS,EMERALDS JEM 700
JEWELS SALES ACCOUNT - EMERALDS,EMERALDS JEM 750,EMERALDS,ACTIVE,JEWELS SALES ACCOUNT - EMERALDS,EMERALDS JEM 750
JEWELS SALES ACCOUNT - EMERALDS,EMERALDS JEM 800,EMERALDS,ACTIVE,JEWELS SALES ACCOUNT - EMERALDS,EMERALDS JEM 800
JEWELS SALES ACCOUNT - EMERALDS,EMERALDS JEM 850,EMERALDS,ACTIVE,JEWELS SALES ACCOUNT - EMERALDS,EMERALDS JEM 850
JEWELS SALES ACCOUNT - EMERALDS,EMERALDS JEM 900,EMERALDS,ACTIVE,JEWELS SALES ACCOUNT - EMERALDS,EMERALDS JEM 900
JEWELS SALES ACCOUNT - EMERALDS,EMERALDS JEM 950,EMERALDS,ACTIVE,JEWELS SALES ACCOUNT - EMERALDS,EMERALDS JEM 950
JEWELS SALES ACCOUNT - EMERALDS,EMERALDS JEM 1000,EMERALDS,ACTIVE,JEWELS SALES ACCOUNT - EMERALDS,EMERALDS JEM 1000
JEWELS SALES ACCOUNT - EMERALDS,EMERALDS JEM 1100,EMERALDS,ACTIVE,JEWELS SALES ACCOUNT - EMERALDS,EMERALDS JEM 1100
JEWELS SALES ACCOUNT - EMERALDS,EMERALDS JEM 1200,EMERALDS,ACTIVE,JEWELS SALES ACCOUNT - EMERALDS,EMERALDS JEM 1200
JEWELS SALES ACCOUNT - EMERALDS,EMERALDS JEM 1300,EMERALDS,ACTIVE,JEWELS SALES ACCOUNT - EMERALDS,EMERALDS JEM 1300
JEWELS SALES ACCOUNT - EMERALDS,EMERALDS JEM 1400,EMERALDS,ACTIVE,JEWELS SALES ACCOUNT - EMERALDS,EMERALDS JEM 1400
JEWELS SALES ACCOUNT - EMERALDS,EMERALDS JEM 1500,EMERALDS,ACTIVE,JEWELS SALES ACCOUNT - EMERALDS,EMERALDS JEM 1500
JEWELS SALES ACCOUNT - EMERALDS,EMERALDS JEM 1600,EMERALDS,ACTIVE,JEWELS SALES ACCOUNT - EMERALDS,EMERALDS JEM 1600
JEWELS SALES ACCOUNT - EMERALDS,EMERALDS JEM 1700,EMERALDS,ACTIVE,JEWELS SALES ACCOUNT - EMERALDS,EMERALDS JEM 1700
JEWELS SALES ACCOUNT - EMERALDS,EMERALDS JEM 1800,EMERALDS,ACTIVE,JEWELS SALES ACCOUNT - EMERALDS,EMERALDS JEM 1800
JEWELS SALES ACCOUNT - EMERALDS,EMERALDS JEM 1900,EMERALDS,ACTIVE,JEWELS SALES ACCOUNT - EMERALDS,EMERALDS JEM 1900
JEWELS SALES ACCOUNT - EMERALDS,EMERALDS JEM 2000,EMERALDS,ACTIVE,JEWELS SALES ACCOUNT - EMERALDS,EMERALDS JEM 2000
JEWELS SALES ACCOUNT - EMERALDS,EMERALDS JEM 2100,EMERALDS,ACTIVE,JEWELS SALES ACCOUNT - EMERALDS,EMERALDS JEM 2100
JEWELS SALES ACCOUNT - EMERALDS,EMERALDS JEM 2200,EMERALDS,ACTIVE,JEWELS SALES ACCOUNT - EMERALDS,EMERALDS JEM 2200
JEWELS SALES ACCOUNT - EMERALDS,EMERALDS JEM 2300,EMERALDS,ACTIVE,JEWELS SALES ACCOUNT - EMERALDS,EMERALDS JEM 2300
JEWELS SALES ACCOUNT - EMERALDS,EMERALDS JEM 2400,EMERALDS,ACTIVE,JEWELS SALES ACCOUNT - EMERALDS,EMERALDS JEM 2400
JEWELS SALES ACCOUNT - EMERALDS,EMERALDS JEM 2500,EMERALDS,ACTIVE,JEWELS SALES ACCOUNT - EMERALDS,EMERALDS JEM 2500
JEWELS SALES ACCOUNT - EMERALDS,EMERALDS JEM 2600,EMERALDS,ACTIVE,JEWELS SALES ACCOUNT - EMERALDS,EMERALDS JEM 2600
JEWELS SALES ACCOUNT - EMERALDS,EMERALDS JEM 2700,EMERALDS,ACTIVE,JEWELS SALES ACCOUNT - EMERALDS,EMERALDS JEM 2700
JEWELS SALES ACCOUNT - EMERALDS,EMERALDS JEM 2800,EMERALDS,ACTIVE,JEWELS SALES ACCOUNT - EMERALDS,EMERALDS JEM 2800
JEWELS SALES ACCOUNT - EMERALDS,EMERALDS JEM 3000,EMERALDS,ACTIVE,JEWELS SALES ACCOUNT - EMERALDS,EMERALDS JEM 3000
JEWELS SALES ACCOUNT - EMERALDS,EMERALDS JEM 3100,EMERALDS,ACTIVE,JEWELS SALES ACCOUNT - EMERALDS,EMERALDS JEM 3100
JEWELS SALES ACCOUNT - EMERALDS,EMERALDS JEM 3200,EMERALDS,ACTIVE,JEWELS SALES ACCOUNT - EMERALDS,EMERALDS JEM 3200
JEWELS SALES ACCOUNT - EMERALDS,EMERALDS JEM 3300,EMERALDS,ACTIVE,JEWELS SALES ACCOUNT - EMERALDS,EMERALDS JEM 3300
JEWELS SALES ACCOUNT - EMERALDS,EMERALDS JEM 3400,EMERALDS,ACTIVE,JEWELS SALES ACCOUNT - EMERALDS,EMERALDS JEM 3400
JEWELS SALES ACCOUNT - EMERALDS,EMERALDS JEM 3500,EMERALDS,ACTIVE,JEWELS SALES ACCOUNT - EMERALDS,EMERALDS JEM 3500
JEWELS SALES ACCOUNT - EMERALDS,EMERALDS JEM 3600,EMERALDS,ACTIVE,JEWELS SALES ACCOUNT - EMERALDS,EMERALDS JEM 3600
JEWELS SALES ACCOUNT - EMERALDS,EMERALDS JEM 3700,EMERALDS,ACTIVE,JEWELS SALES ACCOUNT - EMERALDS,EMERALDS JEM 3700
JEWELS SALES ACCOUNT - EMERALDS,EMERALDS JEM 3800,EMERALDS,ACTIVE,JEWELS SALES ACCOUNT - EMERALDS,EMERALDS JEM 3800
JEWELS SALES ACCOUNT - EMERALDS,EMERALDS JEM 3900,EMERALDS,ACTIVE,JEWELS SALES ACCOUNT - EMERALDS,EMERALDS JEM 3900
JEWELS SALES ACCOUNT - EMERALDS,EMERALDS JEM 4000,EMERALDS,ACTIVE,JEWELS SALES ACCOUNT - EMERALDS,EMERALDS JEM 4000
JEWELS SALES ACCOUNT - EMERALDS,EMERALDS JEM 4100,EMERALDS,ACTIVE,JEWELS SALES ACCOUNT - EMERALDS,EMERALDS JEM 4100
JEWELS SALES ACCOUNT - EMERALDS,EMERALDS JEM 4200,EMERALDS,ACTIVE,JEWELS SALES ACCOUNT - EMERALDS,EMERALDS JEM 4200
JEWELS SALES ACCOUNT - EMERALDS,EMERALDS JEM 4300,EMERALDS,ACTIVE,JEWELS SALES ACCOUNT - EMERALDS,EMERALDS JEM 4300
JEWELS SALES ACCOUNT - EMERALDS,EMERALDS JEM 4400,EMERALDS,ACTIVE,JEWELS SALES ACCOUNT - EMERALDS,EMERALDS JEM 4400
JEWELS SALES ACCOUNT - EMERALDS,EMERALDS JEM 4500,EMERALDS,ACTIVE,JEWELS SALES ACCOUNT - EMERALDS,EMERALDS JEM 4500
JEWELS SALES ACCOUNT - EMERALDS,EMERALDS JEM 4600,EMERALDS,ACTIVE,JEWELS SALES ACCOUNT - EMERALDS,EMERALDS JEM 4600
JEWELS SALES ACCOUNT - EMERALDS,EMERALDS JEM 4700,EMERALDS,ACTIVE,JEWELS SALES ACCOUNT - EMERALDS,EMERALDS JEM 4700
JEWELS SALES ACCOUNT - EMERALDS,EMERALDS JEM 4800,EMERALDS,ACTIVE,JEWELS SALES ACCOUNT - EMERALDS,EMERALDS JEM 4800
JEWELS SALES ACCOUNT - EMERALDS,EMERALDS JEM 4900,EMERALDS,ACTIVE,JEWELS SALES ACCOUNT - EMERALDS,EMERALDS JEM 4900
JEWELS SALES ACCOUNT - EMERALDS,EMERALDS JEM 5000,EMERALDS,ACTIVE,JEWELS SALES ACCOUNT - EMERALDS,EMERALDS JEM 5000
JEWELS SALES ACCOUNT - EMERALDS,EMERALDS JEM 5200,EMERALDS,ACTIVE,JEWELS SALES ACCOUNT - EMERALDS,EMERALDS JEM 5200
JEWELS SALES ACCOUNT - EMERALDS,EMERALDS JEM 5300,EMERALDS,ACTIVE,JEWELS SALES ACCOUNT - EMERALDS,EMERALDS JEM 5300
JEWELS SALES ACCOUNT - EMERALDS,EMERALDS JEM 5600,EMERALDS,ACTIVE,JEWELS SALES ACCOUNT - EMERALDS,EMERALDS JEM 5600
JEWELS SALES ACCOUNT - EMERALDS,EMERALDS JEM 5800,EMERALDS,ACTIVE,JEWELS SALES ACCOUNT - EMERALDS,EMERALDS JEM 5800
JEWELS SALES ACCOUNT - EMERALDS,EMERALDS JEM 6000,EMERALDS,ACTIVE,JEWELS SALES ACCOUNT - EMERALDS,EMERALDS JEM 6000
JEWELS SALES ACCOUNT - EMERALDS,EMERALDS JEM 6500,EMERALDS,ACTIVE,JEWELS SALES ACCOUNT - EMERALDS,EMERALDS JEM 6500
JEWELS SALES ACCOUNT - EMERALDS,EMERALDS JEM 6700,EMERALDS,ACTIVE,JEWELS SALES ACCOUNT - EMERALDS,EMERALDS JEM 6700
JEWELS SALES ACCOUNT - EMERALDS,EMERALDS JEM 6800,EMERALDS,ACTIVE,JEWELS SALES ACCOUNT - EMERALDS,EMERALDS JEM 6800
JEWELS SALES ACCOUNT - EMERALDS,EMERALDS JEM 7000,EMERALDS,ACTIVE,JEWELS SALES ACCOUNT - EMERALDS,EMERALDS JEM 7000
JEWELS SALES ACCOUNT - EMERALDS,EMERALDS JEM 7500,EMERALDS,ACTIVE,JEWELS SALES ACCOUNT - EMERALDS,EMERALDS JEM 7500
JEWELS SALES ACCOUNT - EMERALDS,EMERALDS JEM 7800,EMERALDS,ACTIVE,JEWELS SALES ACCOUNT - EMERALDS,EMERALDS JEM 7800
JEWELS SALES ACCOUNT - EMERALDS,EMERALDS JEM 8000,EMERALDS,ACTIVE,JEWELS SALES ACCOUNT - EMERALDS,EMERALDS JEM 8000
JEWELS SALES ACCOUNT - EMERALDS,EMERALDS JEM 8500,EMERALDS,ACTIVE,JEWELS SALES ACCOUNT - EMERALDS,EMERALDS JEM 8500
JEWELS SALES ACCOUNT - EMERALDS,EMERALDS JEM 9000,EMERALDS,ACTIVE,JEWELS SALES ACCOUNT - EMERALDS,EMERALDS JEM 9000
JEWELS SALES ACCOUNT - EMERALDS,EMERALDS JEM 9500,EMERALDS,ACTIVE,JEWELS SALES ACCOUNT - EMERALDS,EMERALDS JEM 9500
JEWELS SALES ACCOUNT - EMERALDS,EMERALDS JEM 10000,EMERALDS,ACTIVE,JEWELS SALES ACCOUNT - EMERALDS,EMERALDS JEM 10000
JEWELS SALES ACCOUNT - EMERALDS,EMERALDS JEM 10500,EMERALDS,ACTIVE,JEWELS SALES ACCOUNT - EMERALDS,EMERALDS JEM 10500
JEWELS SALES ACCOUNT - EMERALDS,EMERALDS JEM 11500,EMERALDS,ACTIVE,JEWELS SALES ACCOUNT - EMERALDS,EMERALDS JEM 11500
JEWELS SALES ACCOUNT - EMERALDS,EMERALDS JEM 12000,EMERALDS,ACTIVE,JEWELS SALES ACCOUNT - EMERALDS,EMERALDS JEM 12000
JEWELS SALES ACCOUNT - EMERALDS,EMERALDS JEM 12500,EMERALDS,ACTIVE,JEWELS SALES ACCOUNT - EMERALDS,EMERALDS JEM 12500
JEWELS SALES ACCOUNT - EMERALDS,EMERALDS JEM 13000,EMERALDS,ACTIVE,JEWELS SALES ACCOUNT - EMERALDS,EMERALDS JEM 13000
JEWELS SALES ACCOUNT - EMERALDS,EMERALDS JEM 14000,EMERALDS,ACTIVE,JEWELS SALES ACCOUNT - EMERALDS,EMERALDS JEM 14000
JEWELS SALES ACCOUNT - EMERALDS,EMERALDS JEM 14500,EMERALDS,ACTIVE,JEWELS SALES ACCOUNT - EMERALDS,EMERALDS JEM 14500
JEWELS SALES ACCOUNT - EMERALDS,EMERALDS JEM 15000,EMERALDS,ACTIVE,JEWELS SALES ACCOUNT - EMERALDS,EMERALDS JEM 15000
JEWELS SALES ACCOUNT - EMERALDS,EMERALDS JEM 18500,EMERALDS,ACTIVE,JEWELS SALES ACCOUNT - EMERALDS,EMERALDS JEM 18500
JEWELS SALES ACCOUNT - EMERALDS,EMERALDS JEM 24000,EMERALDS,ACTIVE,JEWELS SALES ACCOUNT - EMERALDS,EMERALDS JEM 24000
JEWELS SALES ACCOUNT - EMERALDS,EMERALDS JEM 25000,EMERALDS,ACTIVE,JEWELS SALES ACCOUNT - EMERALDS,EMERALDS JEM 25000
JEWELS SALES ACCOUNT - EMERALDS,EMERALDS JEM 30000,EMERALDS,ACTIVE,JEWELS SALES ACCOUNT - EMERALDS,EMERALDS JEM 30000
JEWELS SALES ACCOUNT - EMERALDS,EMERALDS JEM 40000,EMERALDS,ACTIVE,JEWELS SALES ACCOUNT - EMERALDS,EMERALDS JEM 40000
JEWELS SALES ACCOUNT - EMERALDS,EMERALDS JEM 58000,EMERALDS,ACTIVE,JEWELS SALES ACCOUNT - EMERALDS,EMERALDS JEM 58000
JEWELS SALES ACCOUNT - EMERALDS,EMERALDS JEM LOOSE 22000,EMERALDS,ACTIVE,JEWELS SALES ACCOUNT - EMERALDS,EMERALDS JEM LOOSE 22000
JEWELS SALES ACCOUNT - EMERALDS,EMERALDS JEM MIX,EMERALDS,ACTIVE,JEWELS SALES ACCOUNT - EMERALDS,EMERALDS JEM MIX
JEWELS SALES ACCOUNT - PEARLS,CUSTOMER PEARLS,PEARLS,ACTIVE,JEWELS SALES ACCOUNT - PEARLS,CUSTOMER PEARLS
JEWELS SALES ACCOUNT - PEARLS,PEARLS JPS 50,PEARLS,ACTIVE,JEWELS SALES ACCOUNT - PEARLS,PEARLS JPS 50
JEWELS SALES ACCOUNT - PEARLS,PEARLS JPS 100,PEARLS,ACTIVE,JEWELS SALES ACCOUNT - PEARLS,PEARLS JPS 100
JEWELS SALES ACCOUNT - PEARLS,PEARLS JPS 150,PEARLS,ACTIVE,JEWELS SALES ACCOUNT - PEARLS,PEARLS JPS 150
JEWELS SALES ACCOUNT - PEARLS,PEARLS JPS 200,PEARLS,ACTIVE,JEWELS SALES ACCOUNT - PEARLS,PEARLS JPS 200
JEWELS SALES ACCOUNT - PEARLS,PEARLS JPS 250,PEARLS,ACTIVE,JEWELS SALES ACCOUNT - PEARLS,PEARLS JPS 250
JEWELS SALES ACCOUNT - PEARLS,PEARLS JPS 300,PEARLS,ACTIVE,JEWELS SALES ACCOUNT - PEARLS,PEARLS JPS 300
JEWELS SALES ACCOUNT - PEARLS,PEARLS JPS 350,PEARLS,ACTIVE,JEWELS SALES ACCOUNT - PEARLS,PEARLS JPS 350
JEWELS SALES ACCOUNT - PEARLS,PEARLS JPS 400,PEARLS,ACTIVE,JEWELS SALES ACCOUNT - PEARLS,PEARLS JPS 400
JEWELS SALES ACCOUNT - PEARLS,PEARLS JPS 450,PEARLS,ACTIVE,JEWELS SALES ACCOUNT - PEARLS,PEARLS JPS 450
JEWELS SALES ACCOUNT - PEARLS,PEARLS JPS 500,PEARLS,ACTIVE,JEWELS SALES ACCOUNT - PEARLS,PEARLS JPS 500
JEWELS SALES ACCOUNT - PEARLS,PEARLS JPS 550,PEARLS,ACTIVE,JEWELS SALES ACCOUNT - PEARLS,PEARLS JPS 550
JEWELS SALES ACCOUNT - PEARLS,PEARLS JPS 600,PEARLS,ACTIVE,JEWELS SALES ACCOUNT - PEARLS,PEARLS JPS 600
JEWELS SALES ACCOUNT - PEARLS,PEARLS JPS 700,PEARLS,ACTIVE,JEWELS SALES ACCOUNT - PEARLS,PEARLS JPS 700
JEWELS SALES ACCOUNT - PEARLS,PEARLS JPS 800,PEARLS,ACTIVE,JEWELS SALES ACCOUNT - PEARLS,PEARLS JPS 800
JEWELS SALES ACCOUNT - PEARLS,PEARLS JPS 850,PEARLS,ACTIVE,JEWELS SALES ACCOUNT - PEARLS,PEARLS JPS 850
JEWELS SALES ACCOUNT - PEARLS,PEARLS JPS 900,PEARLS,ACTIVE,JEWELS SALES ACCOUNT - PEARLS,PEARLS JPS 900
JEWELS SALES ACCOUNT - PEARLS,PEARLS JPS 1000,PEARLS,ACTIVE,JEWELS SALES ACCOUNT - PEARLS,PEARLS JPS 1000
JEWELS SALES ACCOUNT - PEARLS,PEARLS JPS 1100,PEARLS,ACTIVE,JEWELS SALES ACCOUNT - PEARLS,PEARLS JPS 1100
JEWELS SALES ACCOUNT - PEARLS,PEARLS JPS 1200,PEARLS,ACTIVE,JEWELS SALES ACCOUNT - PEARLS,PEARLS JPS 1200
JEWELS SALES ACCOUNT - PEARLS,PEARLS JPS 1300,PEARLS,ACTIVE,JEWELS SALES ACCOUNT - PEARLS,PEARLS JPS 1300
JEWELS SALES ACCOUNT - PEARLS,PEARLS JPS 1400,PEARLS,ACTIVE,JEWELS SALES ACCOUNT - PEARLS,PEARLS JPS 1400
JEWELS SALES ACCOUNT - PEARLS,PEARLS JPS 1500,PEARLS,ACTIVE,JEWELS SALES ACCOUNT - PEARLS,PEARLS JPS 1500
JEWELS SALES ACCOUNT - PEARLS,PEARLS JPS 1600,PEARLS,ACTIVE,JEWELS SALES ACCOUNT - PEARLS,PEARLS JPS 1600
JEWELS SALES ACCOUNT - PEARLS,PEARLS JPS 1700,PEARLS,ACTIVE,JEWELS SALES ACCOUNT - PEARLS,PEARLS JPS 1700
JEWELS SALES ACCOUNT - PEARLS,PEARLS JPS 1800,PEARLS,ACTIVE,JEWELS SALES ACCOUNT - PEARLS,PEARLS JPS 1800
JEWELS SALES ACCOUNT - PEARLS,PEARLS JPS 1900,PEARLS,ACTIVE,JEWELS SALES ACCOUNT - PEARLS,PEARLS JPS 1900
JEWELS SALES ACCOUNT - PEARLS,PEARLS JPS 2000,PEARLS,ACTIVE,JEWELS SALES ACCOUNT - PEARLS,PEARLS JPS 2000
JEWELS SALES ACCOUNT - PEARLS,PEARLS JPS 2100,PEARLS,ACTIVE,JEWELS SALES ACCOUNT - PEARLS,PEARLS JPS 2100
JEWELS SALES ACCOUNT - PEARLS,PEARLS JPS 2200,PEARLS,ACTIVE,JEWELS SALES ACCOUNT - PEARLS,PEARLS JPS 2200
JEWELS SALES ACCOUNT - PEARLS,PEARLS JPS 2400,PEARLS,ACTIVE,JEWELS SALES ACCOUNT - PEARLS,PEARLS JPS 2400
JEWELS SALES ACCOUNT - PEARLS,PEARLS JPS 2500,PEARLS,ACTIVE,JEWELS SALES ACCOUNT - PEARLS,PEARLS JPS 2500
JEWELS SALES ACCOUNT - PEARLS,PEARLS JPS 2800,PEARLS,ACTIVE,JEWELS SALES ACCOUNT - PEARLS,PEARLS JPS 2800
JEWELS SALES ACCOUNT - PEARLS,PEARLS JPS 2900,PEARLS,ACTIVE,JEWELS SALES ACCOUNT - PEARLS,PEARLS JPS 2900
JEWELS SALES ACCOUNT - PEARLS,PEARLS JPS 3500,PEARLS,ACTIVE,JEWELS SALES ACCOUNT - PEARLS,PEARLS JPS 3500
JEWELS SALES ACCOUNT - PEARLS,PEARLS JPS 4000,PEARLS,ACTIVE,JEWELS SALES ACCOUNT - PEARLS,PEARLS JPS 4000
JEWELS SALES ACCOUNT - PEARLS,PEARLS JPS 4200,PEARLS,ACTIVE,JEWELS SALES ACCOUNT - PEARLS,PEARLS JPS 4200
JEWELS SALES ACCOUNT - PEARLS,PEARLS JPS 5000,PEARLS,ACTIVE,JEWELS SALES ACCOUNT - PEARLS,PEARLS JPS 5000
JEWELS SALES ACCOUNT - PEARLS,PEARLS JPS 8400,PEARLS,ACTIVE,JEWELS SALES ACCOUNT - PEARLS,PEARLS JPS 8400
JEWELS SALES ACCOUNT - PEARLS,PEARLS JPS 33000,PEARLS,ACTIVE,JEWELS SALES ACCOUNT - PEARLS,PEARLS JPS 33000
JEWELS SALES ACCOUNT - RUBIES,CUSTOMER RUBIES,RUBIES,ACTIVE,JEWELS SALES ACCOUNT - RUBIES,CUSTOMER RUBIES
JEWELS SALES ACCOUNT - RUBIES,RUBIES JRU 50,RUBIES,ACTIVE,JEWELS SALES ACCOUNT - RUBIES,RUBIES JRU 50
JEWELS SALES ACCOUNT - RUBIES,RUBIES JRU 100,RUBIES,ACTIVE,JEWELS SALES ACCOUNT - RUBIES,RUBIES JRU 100
JEWELS SALES ACCOUNT - RUBIES,RUBIES JRU 150,RUBIES,ACTIVE,JEWELS SALES ACCOUNT - RUBIES,RUBIES JRU 150
JEWELS SALES ACCOUNT - RUBIES,RUBIES JRU 200,RUBIES,ACTIVE,JEWELS SALES ACCOUNT - RUBIES,RUBIES JRU 200
JEWELS SALES ACCOUNT - RUBIES,RUBIES JRU 250,RUBIES,ACTIVE,JEWELS SALES ACCOUNT - RUBIES,RUBIES JRU 250
JEWELS SALES ACCOUNT - RUBIES,RUBIES JRU 300,RUBIES,ACTIVE,JEWELS SALES ACCOUNT - RUBIES,RUBIES JRU 300
JEWELS SALES ACCOUNT - RUBIES,RUBIES JRU 350,RUBIES,ACTIVE,JEWELS SALES ACCOUNT - RUBIES,RUBIES JRU 350
JEWELS SALES ACCOUNT - RUBIES,RUBIES JRU 400,RUBIES,ACTIVE,JEWELS SALES ACCOUNT - RUBIES,RUBIES JRU 400
JEWELS SALES ACCOUNT - RUBIES,RUBIES JRU 450,RUBIES,ACTIVE,JEWELS SALES ACCOUNT - RUBIES,RUBIES JRU 450
JEWELS SALES ACCOUNT - RUBIES,RUBIES JRU 500,RUBIES,ACTIVE,JEWELS SALES ACCOUNT - RUBIES,RUBIES JRU 500
JEWELS SALES ACCOUNT - RUBIES,RUBIES JRU 550,RUBIES,ACTIVE,JEWELS SALES ACCOUNT - RUBIES,RUBIES JRU 550
JEWELS SALES ACCOUNT - RUBIES,RUBIES JRU 600,RUBIES,ACTIVE,JEWELS SALES ACCOUNT - RUBIES,RUBIES JRU 600
JEWELS SALES ACCOUNT - RUBIES,RUBIES JRU 650,RUBIES,ACTIVE,JEWELS SALES ACCOUNT - RUBIES,RUBIES JRU 650
JEWELS SALES ACCOUNT - RUBIES,RUBIES JRU 700,RUBIES,ACTIVE,JEWELS SALES ACCOUNT - RUBIES,RUBIES JRU 700
JEWELS SALES ACCOUNT - RUBIES,RUBIES JRU 750,RUBIES,ACTIVE,JEWELS SALES ACCOUNT - RUBIES,RUBIES JRU 750
JEWELS SALES ACCOUNT - RUBIES,RUBIES JRU 800,RUBIES,ACTIVE,JEWELS SALES ACCOUNT - RUBIES,RUBIES JRU 800
JEWELS SALES ACCOUNT - RUBIES,RUBIES JRU 850,RUBIES,ACTIVE,JEWELS SALES ACCOUNT - RUBIES,RUBIES JRU 850
JEWELS SALES ACCOUNT - RUBIES,RUBIES JRU 900,RUBIES,ACTIVE,JEWELS SALES ACCOUNT - RUBIES,RUBIES JRU 900
JEWELS SALES ACCOUNT - RUBIES,RUBIES JRU 1000,RUBIES,ACTIVE,JEWELS SALES ACCOUNT - RUBIES,RUBIES JRU 1000
JEWELS SALES ACCOUNT - RUBIES,RUBIES JRU 1100,RUBIES,ACTIVE,JEWELS SALES ACCOUNT - RUBIES,RUBIES JRU 1100
JEWELS SALES ACCOUNT - RUBIES,RUBIES JRU 1200,RUBIES,ACTIVE,JEWELS SALES ACCOUNT - RUBIES,RUBIES JRU 1200
JEWELS SALES ACCOUNT - RUBIES,RUBIES JRU 1300,RUBIES,ACTIVE,JEWELS SALES ACCOUNT - RUBIES,RUBIES JRU 1300
JEWELS SALES ACCOUNT - RUBIES,RUBIES JRU 1400,RUBIES,ACTIVE,JEWELS SALES ACCOUNT - RUBIES,RUBIES JRU 1400
JEWELS SALES ACCOUNT - RUBIES,RUBIES JRU 1500,RUBIES,ACTIVE,JEWELS SALES ACCOUNT - RUBIES,RUBIES JRU 1500
JEWELS SALES ACCOUNT - RUBIES,RUBIES JRU 1600,RUBIES,ACTIVE,JEWELS SALES ACCOUNT - RUBIES,RUBIES JRU 1600
JEWELS SALES ACCOUNT - RUBIES,RUBIES JRU 1700,RUBIES,ACTIVE,JEWELS SALES ACCOUNT - RUBIES,RUBIES JRU 1700
JEWELS SALES ACCOUNT - RUBIES,RUBIES JRU 1800,RUBIES,ACTIVE,JEWELS SALES ACCOUNT - RUBIES,RUBIES JRU 1800
JEWELS SALES ACCOUNT - RUBIES,RUBIES JRU 1900,RUBIES,ACTIVE,JEWELS SALES ACCOUNT - RUBIES,RUBIES JRU 1900
JEWELS SALES ACCOUNT - RUBIES,RUBIES JRU 2000,RUBIES,ACTIVE,JEWELS SALES ACCOUNT - RUBIES,RUBIES JRU 2000
JEWELS SALES ACCOUNT - RUBIES,RUBIES JRU 2100,RUBIES,ACTIVE,JEWELS SALES ACCOUNT - RUBIES,RUBIES JRU 2100
JEWELS SALES ACCOUNT - RUBIES,RUBIES JRU 2200,RUBIES,ACTIVE,JEWELS SALES ACCOUNT - RUBIES,RUBIES JRU 2200
JEWELS SALES ACCOUNT - RUBIES,RUBIES JRU 2300,RUBIES,ACTIVE,JEWELS SALES ACCOUNT - RUBIES,RUBIES JRU 2300
JEWELS SALES ACCOUNT - RUBIES,RUBIES JRU 2400,RUBIES,ACTIVE,JEWELS SALES ACCOUNT - RUBIES,RUBIES JRU 2400
JEWELS SALES ACCOUNT - RUBIES,RUBIES JRU 2500,RUBIES,ACTIVE,JEWELS SALES ACCOUNT - RUBIES,RUBIES JRU 2500
JEWELS SALES ACCOUNT - RUBIES,RUBIES JRU 2700,RUBIES,ACTIVE,JEWELS SALES ACCOUNT - RUBIES,RUBIES JRU 2700
JEWELS SALES ACCOUNT - RUBIES,RUBIES JRU 2800,RUBIES,ACTIVE,JEWELS SALES ACCOUNT - RUBIES,RUBIES JRU 2800
JEWELS SALES ACCOUNT - RUBIES,RUBIES JRU 2900,RUBIES,ACTIVE,JEWELS SALES ACCOUNT - RUBIES,RUBIES JRU 2900
JEWELS SALES ACCOUNT - RUBIES,RUBIES JRU 3000,RUBIES,ACTIVE,JEWELS SALES ACCOUNT - RUBIES,RUBIES JRU 3000
JEWELS SALES ACCOUNT - RUBIES,RUBIES JRU 3100,RUBIES,ACTIVE,JEWELS SALES ACCOUNT - RUBIES,RUBIES JRU 3100
JEWELS SALES ACCOUNT - RUBIES,RUBIES JRU 3200,RUBIES,ACTIVE,JEWELS SALES ACCOUNT - RUBIES,RUBIES JRU 3200
JEWELS SALES ACCOUNT - RUBIES,RUBIES JRU 3300,RUBIES,ACTIVE,JEWELS SALES ACCOUNT - RUBIES,RUBIES JRU 3300
JEWELS SALES ACCOUNT - RUBIES,RUBIES JRU 3400,RUBIES,ACTIVE,JEWELS SALES ACCOUNT - RUBIES,RUBIES JRU 3400
JEWELS SALES ACCOUNT - RUBIES,RUBIES JRU 3500,RUBIES,ACTIVE,JEWELS SALES ACCOUNT - RUBIES,RUBIES JRU 3500
JEWELS SALES ACCOUNT - RUBIES,RUBIES JRU 3600,RUBIES,ACTIVE,JEWELS SALES ACCOUNT - RUBIES,RUBIES JRU 3600
JEWELS SALES ACCOUNT - RUBIES,RUBIES JRU 3700,RUBIES,ACTIVE,JEWELS SALES ACCOUNT - RUBIES,RUBIES JRU 3700
JEWELS SALES ACCOUNT - RUBIES,RUBIES JRU 3800,RUBIES,ACTIVE,JEWELS SALES ACCOUNT - RUBIES,RUBIES JRU 3800
JEWELS SALES ACCOUNT - RUBIES,RUBIES JRU 3900,RUBIES,ACTIVE,JEWELS SALES ACCOUNT - RUBIES,RUBIES JRU 3900
JEWELS SALES ACCOUNT - RUBIES,RUBIES JRU 4000,RUBIES,ACTIVE,JEWELS SALES ACCOUNT - RUBIES,RUBIES JRU 4000
JEWELS SALES ACCOUNT - RUBIES,RUBIES JRU 4100,RUBIES,ACTIVE,JEWELS SALES ACCOUNT - RUBIES,RUBIES JRU 4100
JEWELS SALES ACCOUNT - RUBIES,RUBIES JRU 4200,RUBIES,ACTIVE,JEWELS SALES ACCOUNT - RUBIES,RUBIES JRU 4200
JEWELS SALES ACCOUNT - RUBIES,RUBIES JRU 4300,RUBIES,ACTIVE,JEWELS SALES ACCOUNT - RUBIES,RUBIES JRU 4300
JEWELS SALES ACCOUNT - RUBIES,RUBIES JRU 4400,RUBIES,ACTIVE,JEWELS SALES ACCOUNT - RUBIES,RUBIES JRU 4400
JEWELS SALES ACCOUNT - RUBIES,RUBIES JRU 4500,RUBIES,ACTIVE,JEWELS SALES ACCOUNT - RUBIES,RUBIES JRU 4500
JEWELS SALES ACCOUNT - RUBIES,RUBIES JRU 4600,RUBIES,ACTIVE,JEWELS SALES ACCOUNT - RUBIES,RUBIES JRU 4600
JEWELS SALES ACCOUNT - RUBIES,RUBIES JRU 4700,RUBIES,ACTIVE,JEWELS SALES ACCOUNT - RUBIES,RUBIES JRU 4700
JEWELS SALES ACCOUNT - RUBIES,RUBIES JRU 4800,RUBIES,ACTIVE,JEWELS SALES ACCOUNT - RUBIES,RUBIES JRU 4800
JEWELS SALES ACCOUNT - RUBIES,RUBIES JRU 4900,RUBIES,ACTIVE,JEWELS SALES ACCOUNT - RUBIES,RUBIES JRU 4900
JEWELS SALES ACCOUNT - RUBIES,RUBIES JRU 5000,RUBIES,ACTIVE,JEWELS SALES ACCOUNT - RUBIES,RUBIES JRU 5000
JEWELS SALES ACCOUNT - RUBIES,RUBIES JRU 5100,RUBIES,ACTIVE,JEWELS SALES ACCOUNT - RUBIES,RUBIES JRU 5100
JEWELS SALES ACCOUNT - RUBIES,RUBIES JRU 5300,RUBIES,ACTIVE,JEWELS SALES ACCOUNT - RUBIES,RUBIES JRU 5300
JEWELS SALES ACCOUNT - RUBIES,RUBIES JRU 5400,RUBIES,ACTIVE,JEWELS SALES ACCOUNT - RUBIES,RUBIES JRU 5400
JEWELS SALES ACCOUNT - RUBIES,RUBIES JRU 5500,RUBIES,ACTIVE,JEWELS SALES ACCOUNT - RUBIES,RUBIES JRU 5500
JEWELS SALES ACCOUNT - RUBIES,RUBIES JRU 6000,RUBIES,ACTIVE,JEWELS SALES ACCOUNT - RUBIES,RUBIES JRU 6000
JEWELS SALES ACCOUNT - RUBIES,RUBIES JRU 6300,RUBIES,ACTIVE,JEWELS SALES ACCOUNT - RUBIES,RUBIES JRU 6300
JEWELS SALES ACCOUNT - RUBIES,RUBIES JRU 6600,RUBIES,ACTIVE,JEWELS SALES ACCOUNT - RUBIES,RUBIES JRU 6600
JEWELS SALES ACCOUNT - RUBIES,RUBIES JRU 7000,RUBIES,ACTIVE,JEWELS SALES ACCOUNT - RUBIES,RUBIES JRU 7000
JEWELS SALES ACCOUNT - RUBIES,RUBIES JRU 8400,RUBIES,ACTIVE,JEWELS SALES ACCOUNT - RUBIES,RUBIES JRU 8400
JEWELS SALES ACCOUNT - RUBIES,RUBIES JRU 10000,RUBIES,ACTIVE,JEWELS SALES ACCOUNT - RUBIES,RUBIES JRU 10000
JEWELS SALES ACCOUNT - RUBIES,RUBIES JRU 11200,RUBIES,ACTIVE,JEWELS SALES ACCOUNT - RUBIES,RUBIES JRU 11200
JEWELS SALES ACCOUNT - RUBIES,RUBIES JRU 14500,RUBIES,ACTIVE,JEWELS SALES ACCOUNT - RUBIES,RUBIES JRU 14500
JEWELS SALES ACCOUNT - RUBIES,RUBIES JRU 20000,RUBIES,ACTIVE,JEWELS SALES ACCOUNT - RUBIES,RUBIES JRU 20000
JEWELS SALES ACCOUNT - RUBIES,RUBIES JRU LOOSE 33500,RUBIES,ACTIVE,JEWELS SALES ACCOUNT - RUBIES,RUBIES JRU LOOSE 33500
JEWELS SALES ACCOUNT - RUBIES,RUBIES JRU MIX,RUBIES,ACTIVE,JEWELS SALES ACCOUNT - RUBIES,RUBIES JRU MIX
